ledger_id,customer_id,amount,note,borrowed_at,is_cleared
1099,35,71000.0,,2024-01-01,True
907,31,60000.0,,2024-01-01,True
749,27,90000.0,,2024-01-01,True
1254,38,114000.0,,2024-01-02,True
1380,40,77000.0,,2024-01-02,True
873,30,37000.0,,2024-01-03,False
538,21,58000.0,,2024-01-03,True
583,22,78000.0,,2024-01-03,True
750,27,32000.0,,2024-01-03,True
826,29,46000.0,,2024-01-04,True
1195,37,73000.0,,2024-01-05,True
1100,35,98000.0,,2024-01-05,True
1381,40,104000.0,,2024-01-05,True
1316,39,48000.0,,2024-01-05,False
447,18,22000.0,,2024-01-05,True
330,13,52000.0,,2024-01-05,True
482,19,67000.0,,2024-01-05,True
296,12,35000.0,,2024-01-06,True
164,7,42000.0,,2024-01-06,True
539,21,31000.0,,2024-01-06,True
110,5,45000.0,,2024-01-06,True
483,19,29000.0,,2024-01-06,True
712,26,53000.0,,2024-01-07,True
484,19,26000.0,,2024-01-07,True
1196,37,75000.0,,2024-01-07,True
827,29,98000.0,,2024-01-07,True
965,33,90000.0,,2024-01-08,True
331,13,22000.0,,2024-01-08,True
1144,36,51000.0,,2024-01-08,True
92,4,76000.0,,2024-01-08,True
1317,39,55000.0,,2024-01-08,True
1,1,32000.0,,2024-01-08,True
936,32,45000.0,,2024-01-09,True
32,2,73000.0,,2024-01-09,True
1318,39,54000.0,,2024-01-09,False
207,9,36000.0,,2024-01-10,True
208,9,79000.0,,2024-01-10,True
515,20,72000.0,,2024-01-10,True
1255,38,75000.0,,2024-01-10,True
1145,36,80000.0,,2024-01-10,True
540,21,73000.0,,2024-01-11,True
1256,38,61000.0,,2024-01-11,False
239,10,58000.0,,2024-01-11,True
384,15,41000.0,,2024-01-11,True
614,23,88000.0,,2024-01-11,True
874,30,91000.0,,2024-01-12,True
1197,37,81000.0,,2024-01-12,True
1028,34,74000.0,,2024-01-12,True
751,27,88000.0,,2024-01-13,True
297,12,37000.0,,2024-01-13,True
1382,40,51000.0,,2024-01-13,True
516,20,57000.0,,2024-01-13,True
584,22,89000.0,,2024-01-13,True
1319,39,49000.0,,2024-01-13,True
61,3,52000.0,,2024-01-14,True
185,8,45000.0,,2024-01-14,True
752,27,69000.0,,2024-01-14,True
267,11,45000.0,,2024-01-14,True
485,19,74000.0,,2024-01-14,True
209,9,34000.0,,2024-01-14,True
615,23,40000.0,,2024-01-15,True
908,31,50000.0,,2024-01-15,False
937,32,45000.0,,2024-01-15,True
210,9,41000.0,,2024-01-15,True
1320,39,42000.0,,2024-01-16,True
429,17,37000.0,,2024-01-16,True
966,33,44000.0,,2024-01-16,True
1146,36,114000.0,,2024-01-16,True
753,27,92000.0,,2024-01-16,False
332,13,42000.0,,2024-01-16,False
486,19,51000.0,,2024-01-16,True
1198,37,43000.0,,2024-01-17,True
1321,39,42000.0,,2024-01-17,True
673,25,58000.0,,2024-01-17,True
1101,35,52000.0,,2024-01-17,True
1199,37,76000.0,,2024-01-18,True
407,16,46000.0,,2024-01-18,True
1147,36,72000.0,,2024-01-18,True
967,33,118000.0,,2024-01-19,False
365,14,53000.0,,2024-01-19,True
828,29,63000.0,,2024-01-19,True
1148,36,61000.0,,2024-01-20,True
1257,38,111000.0,,2024-01-20,True
1200,37,44000.0,,2024-01-20,True
268,11,61000.0,,2024-01-21,True
674,25,58000.0,,2024-01-21,True
186,8,31000.0,,2024-01-21,True
1322,39,82000.0,,2024-01-22,False
111,5,57000.0,,2024-01-22,True
644,24,54000.0,,2024-01-22,True
541,21,84000.0,,2024-01-22,True
112,5,60000.0,,2024-01-23,True
829,29,35000.0,,2024-01-23,True
269,11,48000.0,,2024-01-23,True
1383,40,86000.0,,2024-01-23,False
713,26,92000.0,,2024-01-23,True
333,13,73000.0,,2024-01-23,True
1323,39,112000.0,,2024-01-24,True
1201,37,44000.0,,2024-01-25,True
298,12,60000.0,,2024-01-25,True
1258,38,57000.0,,2024-01-26,True
113,5,39000.0,,2024-01-26,True
754,27,53000.0,,2024-01-26,True
1149,36,100000.0,,2024-01-26,True
875,30,53000.0,,2024-01-27,True
1102,35,62000.0,,2024-01-27,True
714,26,31000.0,,2024-01-27,True
33,2,70000.0,,2024-01-27,False
1324,39,57000.0,,2024-01-27,True
1202,37,95000.0,,2024-01-28,True
366,14,38000.0,,2024-01-28,True
430,17,42000.0,,2024-01-28,True
431,17,77000.0,,2024-01-28,True
1384,40,70000.0,,2024-01-28,True
270,11,53000.0,,2024-01-28,True
1029,34,100000.0,,2024-01-29,True
1203,37,74000.0,,2024-01-29,True
715,26,48000.0,,2024-01-30,True
241,10,70000.0,,2024-01-30,True
240,10,65000.0,,2024-01-30,True
93,4,24000.0,,2024-01-30,True
211,9,77000.0,,2024-01-31,True
1385,40,72000.0,,2024-01-31,True
675,25,79000.0,,2024-02-01,True
1150,36,74000.0,,2024-02-01,True
1260,38,97000.0,,2024-02-01,True
1259,38,65000.0,,2024-02-01,True
755,27,69000.0,,2024-02-01,True
448,18,75000.0,,2024-02-02,True
542,21,42000.0,,2024-02-02,True
299,12,71000.0,,2024-02-02,True
1262,38,116000.0,,2024-02-03,True
334,13,26000.0,,2024-02-03,True
938,32,65000.0,,2024-02-03,True
1261,38,106000.0,,2024-02-03,True
1204,37,114000.0,,2024-02-03,True
1325,39,104000.0,,2024-02-04,True
616,23,94000.0,,2024-02-04,True
617,23,84000.0,,2024-02-04,True
271,11,67000.0,,2024-02-04,True
1263,38,79000.0,,2024-02-05,True
2,1,80000.0,,2024-02-05,True
756,27,49000.0,,2024-02-05,True
1103,35,40000.0,,2024-02-05,True
450,18,47000.0,,2024-02-06,True
1104,35,96000.0,,2024-02-06,True
909,31,40000.0,,2024-02-06,True
1386,40,110000.0,,2024-02-06,False
449,18,75000.0,,2024-02-06,True
1264,38,92000.0,,2024-02-07,False
335,13,60000.0,,2024-02-07,True
212,9,53000.0,,2024-02-07,True
716,26,61000.0,,2024-02-07,True
165,7,56000.0,,2024-02-08,True
487,19,72000.0,,2024-02-08,True
1030,34,108000.0,,2024-02-09,True
1326,39,69000.0,,2024-02-09,True
1031,34,110000.0,,2024-02-09,True
717,26,41000.0,,2024-02-09,True
213,9,56000.0,,2024-02-10,True
187,8,53000.0,,2024-02-10,True
1327,39,96000.0,,2024-02-10,False
1151,36,96000.0,,2024-02-10,True
757,27,62000.0,,2024-02-11,True
830,29,64000.0,,2024-02-11,True
792,28,96000.0,,2024-02-11,True
1387,40,68000.0,,2024-02-11,True
1205,37,92000.0,,2024-02-11,False
1328,39,68000.0,,2024-02-11,True
408,16,37000.0,,2024-02-12,True
336,13,22000.0,,2024-02-12,True
793,28,82000.0,,2024-02-12,True
451,18,53000.0,,2024-02-12,False
1105,35,99000.0,,2024-02-13,True
62,3,75000.0,,2024-02-13,True
385,15,28000.0,,2024-02-13,True
34,2,70000.0,,2024-02-14,True
242,10,31000.0,,2024-02-14,True
139,6,42000.0,,2024-02-14,True
1265,38,63000.0,,2024-02-14,True
272,11,31000.0,,2024-02-14,True
1266,38,119000.0,,2024-02-15,True
910,31,51000.0,,2024-02-15,True
337,13,50000.0,,2024-02-15,True
1329,39,113000.0,,2024-02-15,True
338,13,73000.0,,2024-02-16,True
831,29,61000.0,,2024-02-16,True
63,3,80000.0,,2024-02-17,True
1330,39,101000.0,,2024-02-18,True
758,27,77000.0,,2024-02-18,True
1331,39,71000.0,,2024-02-18,False
676,25,46000.0,,2024-02-18,True
214,9,56000.0,,2024-02-19,True
35,2,65000.0,,2024-02-19,True
273,11,49000.0,,2024-02-20,True
386,15,30000.0,,2024-02-20,True
1153,36,95000.0,,2024-02-21,False
432,17,30000.0,,2024-02-21,True
968,33,114000.0,,2024-02-21,False
1152,36,105000.0,,2024-02-21,True
1267,38,67000.0,,2024-02-21,False
488,19,45000.0,,2024-02-22,True
274,11,59000.0,,2024-02-22,True
585,22,31000.0,,2024-02-22,True
215,9,25000.0,,2024-02-22,True
1154,36,96000.0,,2024-02-22,True
645,24,84000.0,,2024-02-22,True
3,1,25000.0,,2024-02-23,True
300,12,35000.0,,2024-02-23,True
1155,36,66000.0,,2024-02-23,True
301,12,72000.0,,2024-02-24,True
832,29,68000.0,,2024-02-24,True
646,24,97000.0,,2024-02-24,True
517,20,26000.0,,2024-02-24,True
1032,34,106000.0,,2024-02-25,True
409,16,54000.0,,2024-02-25,True
939,32,50000.0,,2024-02-26,True
243,10,71000.0,,2024-02-27,True
1332,39,96000.0,,2024-02-27,False
36,2,39000.0,,2024-02-27,True
794,28,54000.0,,2024-02-27,False
1156,36,94000.0,,2024-02-27,True
759,27,90000.0,,2024-02-27,True
489,19,37000.0,,2024-02-28,True
4,1,55000.0,,2024-02-28,True
275,11,42000.0,,2024-02-28,True
64,3,32000.0,,2024-02-28,True
677,25,86000.0,,2024-02-28,True
833,29,88000.0,,2024-02-29,True
1388,40,43000.0,,2024-02-29,True
678,25,54000.0,,2024-02-29,True
367,14,28000.0,,2024-02-29,True
1333,39,65000.0,,2024-02-29,False
37,2,60000.0,,2024-02-29,True
38,2,32000.0,,2024-02-29,True
1033,34,74000.0,,2024-02-29,True
452,18,45000.0,,2024-03-01,True
834,29,96000.0,,2024-03-01,True
1206,37,92000.0,,2024-03-01,True
244,10,66000.0,,2024-03-01,True
1106,35,95000.0,,2024-03-02,True
216,9,35000.0,,2024-03-02,True
1334,39,85000.0,,2024-03-02,True
1389,40,85000.0,,2024-03-02,True
368,14,37000.0,,2024-03-02,True
969,33,62000.0,,2024-03-02,True
1157,36,103000.0,,2024-03-03,True
1335,39,99000.0,,2024-03-03,True
65,3,39000.0,,2024-03-04,True
1158,36,64000.0,,2024-03-04,False
245,10,59000.0,,2024-03-04,True
433,17,55000.0,,2024-03-04,True
490,19,69000.0,,2024-03-04,True
835,29,90000.0,,2024-03-04,True
970,33,64000.0,,2024-03-05,False
1207,37,104000.0,,2024-03-05,False
760,27,46000.0,,2024-03-05,True
679,25,68000.0,,2024-03-06,True
1159,36,77000.0,,2024-03-06,True
276,11,64000.0,,2024-03-07,True
1390,40,52000.0,,2024-03-07,True
1336,39,74000.0,,2024-03-07,True
188,8,21000.0,,2024-03-08,True
246,10,58000.0,,2024-03-08,True
618,23,43000.0,,2024-03-08,True
836,29,61000.0,,2024-03-08,True
491,19,39000.0,,2024-03-08,True
795,28,70000.0,,2024-03-09,True
387,15,39000.0,,2024-03-09,True
1160,36,60000.0,,2024-03-09,True
971,33,68000.0,,2024-03-09,True
718,26,32000.0,,2024-03-10,True
66,3,45000.0,,2024-03-10,True
586,22,73000.0,,2024-03-11,True
972,33,116000.0,,2024-03-11,True
94,4,61000.0,,2024-03-11,True
973,33,41000.0,,2024-03-11,False
1107,35,107000.0,,2024-03-11,True
5,1,79000.0,,2024-03-12,True
1034,34,70000.0,,2024-03-12,True
39,2,34000.0,,2024-03-12,True
339,13,68000.0,,2024-03-12,True
217,9,62000.0,,2024-03-12,True
837,29,48000.0,,2024-03-12,True
114,5,30000.0,,2024-03-12,True
647,24,67000.0,,2024-03-12,True
453,18,71000.0,,2024-03-13,True
302,12,27000.0,,2024-03-13,True
95,4,37000.0,,2024-03-14,True
876,30,53000.0,,2024-03-14,True
1035,34,43000.0,,2024-03-14,True
648,24,51000.0,,2024-03-15,True
218,9,30000.0,,2024-03-15,True
1208,37,62000.0,,2024-03-15,False
941,32,50000.0,,2024-03-15,True
940,32,97000.0,,2024-03-15,True
1391,40,115000.0,,2024-03-15,True
974,33,102000.0,,2024-03-15,True
492,19,63000.0,,2024-03-16,True
796,28,58000.0,,2024-03-16,True
277,11,30000.0,,2024-03-16,True
838,29,77000.0,,2024-03-16,True
680,25,45000.0,,2024-03-16,True
219,9,50000.0,,2024-03-17,True
454,18,31000.0,,2024-03-17,True
1268,38,74000.0,,2024-03-18,True
1269,38,44000.0,,2024-03-18,True
220,9,20000.0,,2024-03-18,True
1161,36,116000.0,,2024-03-18,True
1108,35,88000.0,,2024-03-19,True
340,13,38000.0,,2024-03-19,True
1270,38,67000.0,,2024-03-19,True
649,24,68000.0,,2024-03-19,False
67,3,21000.0,,2024-03-20,True
839,29,77000.0,,2024-03-20,True
840,29,64000.0,,2024-03-20,True
942,32,90000.0,,2024-03-20,True
369,14,54000.0,,2024-03-21,True
1337,39,118000.0,,2024-03-21,True
1271,38,43000.0,,2024-03-22,True
341,13,62000.0,,2024-03-22,False
1209,37,82000.0,,2024-03-22,True
389,15,67000.0,,2024-03-23,True
388,15,64000.0,,2024-03-23,True
1037,34,74000.0,,2024-03-23,True
1036,34,56000.0,,2024-03-23,False
1338,39,102000.0,,2024-03-23,True
975,33,75000.0,,2024-03-23,True
303,12,67000.0,,2024-03-23,True
1339,39,105000.0,,2024-03-23,True
719,26,50000.0,,2024-03-23,False
304,12,55000.0,,2024-03-24,True
976,33,93000.0,,2024-03-24,True
587,22,78000.0,,2024-03-24,True
1272,38,77000.0,,2024-03-24,False
342,13,42000.0,,2024-03-24,True
370,14,48000.0,,2024-03-24,True
1211,37,71000.0,,2024-03-25,True
681,25,73000.0,,2024-03-25,True
96,4,61000.0,,2024-03-25,True
371,14,75000.0,,2024-03-25,True
1273,38,88000.0,,2024-03-25,True
1210,37,99000.0,,2024-03-25,True
1212,37,108000.0,,2024-03-26,True
619,23,92000.0,,2024-03-26,True
372,14,23000.0,,2024-03-27,True
797,28,92000.0,,2024-03-27,True
977,33,111000.0,,2024-03-27,True
221,9,41000.0,,2024-03-27,True
543,21,81000.0,,2024-03-27,True
1213,37,101000.0,,2024-03-28,True
115,5,33000.0,,2024-03-28,True
620,23,39000.0,,2024-03-28,True
544,21,79000.0,,2024-03-28,True
841,29,31000.0,,2024-03-29,True
278,11,50000.0,,2024-03-29,True
116,5,26000.0,,2024-03-29,True
189,8,36000.0,,2024-03-30,True
943,32,74000.0,,2024-03-30,True
1109,35,91000.0,,2024-03-30,True
305,12,36000.0,,2024-03-30,True
978,33,72000.0,,2024-03-30,True
1162,36,72000.0,,2024-03-31,True
1340,39,46000.0,,2024-03-31,True
223,9,56000.0,,2024-03-31,True
222,9,63000.0,,2024-03-31,True
842,29,89000.0,,2024-03-31,True
1163,36,118000.0,,2024-03-31,True
1341,39,87000.0,,2024-03-31,True
1392,40,104000.0,,2024-03-31,False
140,6,28000.0,,2024-04-01,True
1110,35,47000.0,,2024-04-01,False
455,18,61000.0,,2024-04-01,True
190,8,47000.0,,2024-04-01,True
682,25,88000.0,,2024-04-01,True
944,32,89000.0,,2024-04-01,True
1038,34,108000.0,,2024-04-02,False
166,7,64000.0,,2024-04-02,True
761,27,38000.0,,2024-04-02,True
1111,35,101000.0,,2024-04-02,True
683,25,41000.0,,2024-04-03,True
68,3,46000.0,,2024-04-03,True
979,33,78000.0,,2024-04-03,True
1040,34,72000.0,,2024-04-03,True
1039,34,120000.0,,2024-04-03,False
493,19,20000.0,,2024-04-04,True
980,33,85000.0,,2024-04-04,True
1393,40,102000.0,,2024-04-04,True
545,21,50000.0,,2024-04-05,True
843,29,60000.0,,2024-04-05,True
306,12,68000.0,,2024-04-05,True
844,29,71000.0,,2024-04-05,True
1214,37,69000.0,,2024-04-05,True
1215,37,76000.0,,2024-04-05,True
410,16,37000.0,,2024-04-06,True
1342,39,95000.0,,2024-04-06,True
1274,38,67000.0,,2024-04-07,True
546,21,64000.0,,2024-04-07,False
1164,36,72000.0,,2024-04-08,True
456,18,38000.0,,2024-04-08,True
141,6,73000.0,,2024-04-08,True
1041,34,108000.0,,2024-04-08,True
621,23,32000.0,,2024-04-08,True
547,21,32000.0,,2024-04-09,True
494,19,60000.0,,2024-04-09,False
548,21,41000.0,,2024-04-09,True
1042,34,118000.0,,2024-04-09,True
1394,40,95000.0,,2024-04-09,True
40,2,29000.0,,2024-04-09,True
845,29,88000.0,,2024-04-10,True
373,14,79000.0,,2024-04-10,True
911,31,76000.0,,2024-04-10,True
6,1,26000.0,,2024-04-10,True
1216,37,51000.0,,2024-04-11,True
495,19,53000.0,,2024-04-12,True
684,25,50000.0,,2024-04-13,True
1043,34,91000.0,,2024-04-13,False
622,23,59000.0,,2024-04-13,True
69,3,52000.0,,2024-04-13,True
1165,36,104000.0,,2024-04-13,True
1395,40,66000.0,,2024-04-13,True
588,22,49000.0,,2024-04-13,False
1166,36,108000.0,,2024-04-14,True
650,24,93000.0,,2024-04-14,True
720,26,85000.0,,2024-04-14,True
721,26,73000.0,,2024-04-14,True
518,20,57000.0,,2024-04-14,True
722,26,46000.0,,2024-04-14,True
1275,38,67000.0,,2024-04-14,True
877,30,92000.0,,2024-04-15,True
191,8,75000.0,,2024-04-15,True
1044,34,57000.0,,2024-04-15,True
224,9,57000.0,,2024-04-15,True
1396,40,113000.0,,2024-04-16,True
1217,37,54000.0,,2024-04-16,True
685,25,53000.0,,2024-04-16,True
1343,39,43000.0,,2024-04-16,True
686,25,63000.0,,2024-04-16,True
225,9,36000.0,,2024-04-16,True
687,25,61000.0,,2024-04-17,True
343,13,23000.0,,2024-04-18,True
192,8,37000.0,,2024-04-18,True
193,8,46000.0,,2024-04-19,True
1276,38,65000.0,,2024-04-19,True
549,21,88000.0,,2024-04-19,True
762,27,45000.0,,2024-04-19,True
1397,40,70000.0,,2024-04-20,False
878,30,52000.0,,2024-04-20,True
1045,34,105000.0,,2024-04-20,True
550,21,93000.0,,2024-04-20,True
344,13,43000.0,,2024-04-20,True
1167,36,54000.0,,2024-04-21,False
345,13,36000.0,,2024-04-21,True
945,32,91000.0,,2024-04-21,True
1112,35,111000.0,,2024-04-21,False
688,25,83000.0,,2024-04-21,True
41,2,72000.0,,2024-04-22,True
846,29,54000.0,,2024-04-22,True
1047,34,96000.0,,2024-04-23,True
1046,34,91000.0,,2024-04-23,True
623,23,84000.0,,2024-04-23,True
42,2,49000.0,,2024-04-23,True
307,12,45000.0,,2024-04-23,True
689,25,93000.0,,2024-04-24,True
589,22,55000.0,,2024-04-24,True
912,31,70000.0,,2024-04-24,True
308,12,79000.0,,2024-04-24,True
624,23,93000.0,,2024-04-25,True
946,32,74000.0,,2024-04-25,True
97,4,34000.0,,2024-04-25,True
1344,39,102000.0,,2024-04-25,False
913,31,69000.0,,2024-04-26,True
1277,38,59000.0,,2024-04-26,True
346,13,68000.0,,2024-04-26,True
98,4,20000.0,,2024-04-27,True
651,24,74000.0,,2024-04-27,True
309,12,30000.0,,2024-04-27,True
1278,38,101000.0,,2024-04-27,False
652,24,92000.0,,2024-04-27,True
798,28,80000.0,,2024-04-28,False
70,3,39000.0,,2024-04-28,True
1113,35,113000.0,,2024-04-28,False
226,9,68000.0,,2024-04-28,True
347,13,47000.0,,2024-04-28,True
723,26,61000.0,,2024-04-28,True
1218,37,74000.0,,2024-04-29,False
1114,35,88000.0,,2024-04-29,False
879,30,46000.0,,2024-04-30,True
947,32,62000.0,,2024-04-30,True
1345,39,86000.0,,2024-05-01,True
1115,35,110000.0,,2024-05-01,False
519,20,44000.0,,2024-05-01,True
690,25,68000.0,,2024-05-01,True
457,18,24000.0,,2024-05-02,True
348,13,50000.0,,2024-05-02,True
71,3,35000.0,,2024-05-02,True
847,29,51000.0,,2024-05-03,True
1398,40,114000.0,,2024-05-03,False
763,27,36000.0,,2024-05-03,True
1048,34,49000.0,,2024-05-04,True
72,3,78000.0,,2024-05-04,True
914,31,44000.0,,2024-05-04,True
458,18,63000.0,,2024-05-04,True
1219,37,97000.0,,2024-05-05,True
590,22,60000.0,,2024-05-05,True
981,33,97000.0,,2024-05-05,True
310,12,50000.0,,2024-05-05,True
982,33,85000.0,,2024-05-05,True
551,21,83000.0,,2024-05-06,True
459,18,48000.0,,2024-05-06,True
374,14,79000.0,,2024-05-06,True
915,31,51000.0,,2024-05-06,True
552,21,44000.0,,2024-05-07,True
1049,34,74000.0,,2024-05-07,True
916,31,42000.0,,2024-05-07,True
7,1,65000.0,,2024-05-07,True
799,28,76000.0,,2024-05-07,True
880,30,33000.0,,2024-05-09,True
554,21,90000.0,,2024-05-09,True
434,17,70000.0,,2024-05-09,True
553,21,56000.0,,2024-05-09,True
167,7,35000.0,,2024-05-09,True
194,8,42000.0,,2024-05-09,True
1279,38,70000.0,,2024-05-10,False
43,2,53000.0,,2024-05-10,True
435,17,50000.0,,2024-05-11,False
1280,38,74000.0,,2024-05-11,True
848,29,37000.0,,2024-05-11,True
118,5,21000.0,,2024-05-12,True
311,12,53000.0,,2024-05-12,True
117,5,42000.0,,2024-05-12,True
625,23,68000.0,,2024-05-12,True
279,11,72000.0,,2024-05-12,True
119,5,60000.0,,2024-05-13,True
496,19,20000.0,,2024-05-13,True
8,1,76000.0,,2024-05-13,True
1220,37,85000.0,,2024-05-13,False
312,12,57000.0,,2024-05-13,True
1399,40,61000.0,,2024-05-13,True
497,19,70000.0,,2024-05-14,True
498,19,32000.0,,2024-05-14,True
849,29,61000.0,,2024-05-14,False
881,30,79000.0,,2024-05-14,True
800,28,45000.0,,2024-05-15,True
412,16,45000.0,,2024-05-15,True
411,16,28000.0,,2024-05-15,True
227,9,35000.0,,2024-05-15,True
413,16,62000.0,,2024-05-15,True
168,7,25000.0,,2024-05-15,True
120,5,68000.0,,2024-05-15,True
1168,36,63000.0,,2024-05-15,False
1400,40,47000.0,,2024-05-16,True
460,18,44000.0,,2024-05-16,True
724,26,90000.0,,2024-05-16,True
1169,36,57000.0,,2024-05-17,True
555,21,75000.0,,2024-05-17,True
44,2,55000.0,,2024-05-17,True
142,6,54000.0,,2024-05-17,True
1116,35,49000.0,,2024-05-17,False
917,31,61000.0,,2024-05-18,True
121,5,71000.0,,2024-05-18,True
1170,36,58000.0,,2024-05-18,False
591,22,38000.0,,2024-05-19,False
1346,39,74000.0,,2024-05-20,True
1050,34,57000.0,,2024-05-20,True
725,26,71000.0,,2024-05-21,True
1051,34,117000.0,,2024-05-21,True
850,29,46000.0,,2024-05-22,True
801,28,97000.0,,2024-05-22,True
313,12,21000.0,,2024-05-22,True
851,29,46000.0,,2024-05-23,True
414,16,75000.0,,2024-05-23,True
983,33,100000.0,,2024-05-23,True
122,5,25000.0,,2024-05-23,True
726,26,46000.0,,2024-05-23,True
1118,35,68000.0,,2024-05-23,True
1117,35,68000.0,,2024-05-23,True
802,28,83000.0,,2024-05-24,True
9,1,41000.0,,2024-05-24,True
803,28,95000.0,,2024-05-24,True
123,5,56000.0,,2024-05-25,True
10,1,68000.0,,2024-05-25,True
556,21,56000.0,,2024-05-25,True
143,6,48000.0,,2024-05-25,True
984,33,65000.0,,2024-05-26,True
852,29,88000.0,,2024-05-26,True
1221,37,112000.0,,2024-05-26,False
461,18,34000.0,,2024-05-26,True
853,29,56000.0,,2024-05-26,True
280,11,63000.0,,2024-05-28,True
1052,34,92000.0,,2024-05-28,True
281,11,56000.0,,2024-05-29,True
727,26,89000.0,,2024-05-29,True
854,29,35000.0,,2024-05-29,True
1347,39,65000.0,,2024-05-29,True
1281,38,74000.0,,2024-05-29,True
592,22,33000.0,,2024-05-29,True
948,32,54000.0,,2024-05-29,True
520,20,48000.0,,2024-05-30,True
728,26,33000.0,,2024-05-30,True
985,33,83000.0,,2024-05-30,True
882,30,34000.0,,2024-05-30,True
247,10,62000.0,,2024-05-31,True
462,18,27000.0,,2024-05-31,True
593,22,33000.0,,2024-05-31,True
99,4,50000.0,,2024-05-31,True
195,8,27000.0,,2024-05-31,True
986,33,56000.0,,2024-05-31,True
1348,39,70000.0,,2024-06-01,True
390,15,37000.0,,2024-06-01,True
391,15,56000.0,,2024-06-01,True
1222,37,81000.0,,2024-06-01,True
987,33,104000.0,,2024-06-02,True
1119,35,81000.0,,2024-06-02,True
314,12,56000.0,,2024-06-02,True
1171,36,111000.0,,2024-06-02,True
463,18,52000.0,,2024-06-03,True
1053,34,64000.0,,2024-06-03,True
594,22,56000.0,,2024-06-03,True
45,2,51000.0,,2024-06-04,True
1054,34,105000.0,,2024-06-04,True
1120,35,63000.0,,2024-06-04,False
1349,39,114000.0,,2024-06-05,True
626,23,47000.0,,2024-06-05,True
144,6,76000.0,,2024-06-05,True
1282,38,97000.0,,2024-06-05,True
1172,36,65000.0,,2024-06-05,True
499,19,45000.0,,2024-06-05,True
764,27,37000.0,,2024-06-06,True
521,20,25000.0,,2024-06-06,True
557,21,61000.0,,2024-06-06,False
248,10,24000.0,,2024-06-07,True
282,11,67000.0,,2024-06-08,True
1350,39,104000.0,,2024-06-08,True
1351,39,73000.0,,2024-06-08,False
1055,34,72000.0,,2024-06-08,True
595,22,47000.0,,2024-06-08,True
1283,38,59000.0,,2024-06-08,False
883,30,85000.0,,2024-06-08,True
1121,35,84000.0,,2024-06-09,False
765,27,45000.0,,2024-06-09,True
349,13,37000.0,,2024-06-09,True
884,30,73000.0,,2024-06-09,True
918,31,36000.0,,2024-06-10,True
1223,37,71000.0,,2024-06-10,True
1401,40,118000.0,,2024-06-10,True
283,11,35000.0,,2024-06-10,True
558,21,55000.0,,2024-06-11,True
804,28,72000.0,,2024-06-11,False
249,10,55000.0,,2024-06-11,True
196,8,27000.0,,2024-06-11,True
1224,37,45000.0,,2024-06-11,False
767,27,98000.0,,2024-06-11,True
766,27,95000.0,,2024-06-11,True
124,5,73000.0,,2024-06-11,True
1173,36,88000.0,,2024-06-12,True
768,27,51000.0,,2024-06-12,True
250,10,77000.0,,2024-06-12,True
949,32,87000.0,,2024-06-12,True
596,22,85000.0,,2024-06-12,True
1174,36,98000.0,,2024-06-12,True
145,6,71000.0,,2024-06-13,True
169,7,74000.0,,2024-06-14,True
350,13,41000.0,,2024-06-14,True
769,27,42000.0,,2024-06-14,True
146,6,50000.0,,2024-06-14,True
559,21,66000.0,,2024-06-14,True
653,24,38000.0,,2024-06-14,True
252,10,51000.0,,2024-06-14,True
251,10,44000.0,,2024-06-14,True
392,15,66000.0,,2024-06-15,True
46,2,46000.0,,2024-06-15,True
1056,34,60000.0,,2024-06-15,True
415,16,45000.0,,2024-06-15,True
1352,39,117000.0,,2024-06-15,True
1057,34,64000.0,,2024-06-16,False
1353,39,115000.0,,2024-06-16,True
691,25,69000.0,,2024-06-17,True
988,33,109000.0,,2024-06-17,False
1225,37,97000.0,,2024-06-17,True
1402,40,74000.0,,2024-06-17,True
1403,40,98000.0,,2024-06-18,True
919,31,90000.0,,2024-06-18,True
560,21,50000.0,,2024-06-19,True
73,3,47000.0,,2024-06-19,True
436,17,33000.0,,2024-06-19,True
950,32,46000.0,,2024-06-19,True
770,27,89000.0,,2024-06-19,True
11,1,77000.0,,2024-06-19,True
1059,34,45000.0,,2024-06-19,False
522,20,69000.0,,2024-06-19,True
1058,34,85000.0,,2024-06-19,False
627,23,34000.0,,2024-06-20,True
351,13,32000.0,,2024-06-20,True
284,11,57000.0,,2024-06-21,True
393,15,56000.0,,2024-06-21,True
523,20,52000.0,,2024-06-21,True
989,33,94000.0,,2024-06-21,False
1122,35,120000.0,,2024-06-21,True
951,32,81000.0,,2024-06-21,True
1284,38,46000.0,,2024-06-21,True
885,30,84000.0,,2024-06-22,True
1354,39,70000.0,,2024-06-22,True
597,22,78000.0,,2024-06-23,True
1123,35,114000.0,,2024-06-23,False
100,4,26000.0,,2024-06-24,True
990,33,97000.0,,2024-06-24,True
729,26,77000.0,,2024-06-25,True
730,26,38000.0,,2024-06-25,True
375,14,32000.0,,2024-06-25,True
197,8,59000.0,,2024-06-25,True
805,28,37000.0,,2024-06-25,True
464,18,37000.0,,2024-06-25,True
437,17,39000.0,,2024-06-25,True
1285,38,78000.0,,2024-06-25,True
920,31,84000.0,,2024-06-26,True
1175,36,64000.0,,2024-06-26,True
654,24,52000.0,,2024-06-27,True
465,18,40000.0,,2024-06-27,True
438,17,62000.0,,2024-06-27,True
47,2,64000.0,,2024-06-27,True
1355,39,63000.0,,2024-06-27,True
198,8,33000.0,,2024-06-27,True
1060,34,119000.0,,2024-06-28,True
1404,40,112000.0,,2024-06-28,False
561,21,65000.0,,2024-06-28,True
1124,35,113000.0,,2024-06-29,True
394,15,52000.0,,2024-06-29,True
1405,40,67000.0,,2024-06-29,False
466,18,43000.0,,2024-06-29,True
692,25,83000.0,,2024-06-29,True
1226,37,58000.0,,2024-06-30,False
655,24,39000.0,,2024-06-30,True
886,30,31000.0,,2024-06-30,False
101,4,25000.0,,2024-06-30,True
991,33,71000.0,,2024-06-30,True
416,16,71000.0,,2024-07-01,True
992,33,78000.0,,2024-07-01,True
500,19,63000.0,,2024-07-02,True
12,1,27000.0,,2024-07-02,True
887,30,37000.0,,2024-07-02,True
993,33,56000.0,,2024-07-02,False
562,21,65000.0,,2024-07-02,True
1176,36,72000.0,,2024-07-03,True
994,33,118000.0,,2024-07-03,True
888,30,86000.0,,2024-07-03,True
524,20,55000.0,,2024-07-04,True
315,12,65000.0,,2024-07-04,True
952,32,55000.0,,2024-07-04,True
953,32,96000.0,,2024-07-04,True
693,25,43000.0,,2024-07-04,True
1125,35,59000.0,,2024-07-04,False
74,3,69000.0,,2024-07-04,True
75,3,49000.0,,2024-07-05,True
147,6,35000.0,,2024-07-05,True
995,33,40000.0,,2024-07-05,False
921,31,44000.0,,2024-07-06,True
996,33,53000.0,,2024-07-06,True
1227,37,101000.0,,2024-07-06,True
1286,38,100000.0,,2024-07-07,True
922,31,70000.0,,2024-07-07,True
771,27,63000.0,,2024-07-07,True
1177,36,74000.0,,2024-07-07,True
656,24,46000.0,,2024-07-07,True
694,25,46000.0,,2024-07-08,True
806,28,52000.0,,2024-07-08,True
1126,35,53000.0,,2024-07-08,True
1287,38,82000.0,,2024-07-08,True
467,18,47000.0,,2024-07-08,True
76,3,41000.0,,2024-07-09,True
1061,34,99000.0,,2024-07-09,True
1228,37,80000.0,,2024-07-09,True
439,17,66000.0,,2024-07-09,True
1356,39,62000.0,,2024-07-09,True
772,27,52000.0,,2024-07-10,True
889,30,48000.0,,2024-07-10,True
954,32,74000.0,,2024-07-11,True
955,32,97000.0,,2024-07-11,True
468,18,44000.0,,2024-07-11,True
148,6,39000.0,,2024-07-11,True
695,25,73000.0,,2024-07-11,True
1062,34,63000.0,,2024-07-11,False
352,13,39000.0,,2024-07-11,True
170,7,54000.0,,2024-07-12,True
657,24,58000.0,,2024-07-12,True
1229,37,72000.0,,2024-07-12,True
1127,35,56000.0,,2024-07-12,False
440,17,68000.0,,2024-07-12,True
1230,37,103000.0,,2024-07-13,True
353,13,68000.0,,2024-07-13,True
48,2,29000.0,,2024-07-13,True
376,14,65000.0,,2024-07-14,True
1357,39,71000.0,,2024-07-14,True
395,15,62000.0,,2024-07-14,True
923,31,79000.0,,2024-07-14,True
997,33,57000.0,,2024-07-14,True
773,27,80000.0,,2024-07-15,True
1063,34,78000.0,,2024-07-15,True
696,25,53000.0,,2024-07-15,True
125,5,34000.0,,2024-07-15,True
890,30,72000.0,,2024-07-15,True
49,2,47000.0,,2024-07-16,True
1178,36,96000.0,,2024-07-16,True
891,30,52000.0,,2024-07-18,True
998,33,73000.0,,2024-07-19,False
13,1,36000.0,,2024-07-19,True
396,15,38000.0,,2024-07-19,True
1406,40,78000.0,,2024-07-19,True
731,26,72000.0,,2024-07-19,True
171,7,79000.0,,2024-07-19,True
1064,34,40000.0,,2024-07-19,True
397,15,62000.0,,2024-07-20,True
774,27,66000.0,,2024-07-20,True
285,11,68000.0,,2024-07-20,True
501,19,58000.0,,2024-07-20,True
598,22,54000.0,,2024-07-21,True
658,24,56000.0,,2024-07-22,True
775,27,37000.0,,2024-07-22,True
253,10,52000.0,,2024-07-22,True
999,33,76000.0,,2024-07-22,True
1179,36,70000.0,,2024-07-22,False
316,12,38000.0,,2024-07-22,True
855,29,87000.0,,2024-07-23,True
564,21,43000.0,,2024-07-23,True
563,21,80000.0,,2024-07-23,True
1128,35,66000.0,,2024-07-23,False
659,24,48000.0,,2024-07-23,True
565,21,55000.0,,2024-07-24,True
732,26,76000.0,,2024-07-24,True
776,27,44000.0,,2024-07-24,True
1000,33,70000.0,,2024-07-24,True
77,3,25000.0,,2024-07-24,True
78,3,21000.0,,2024-07-24,True
1065,34,45000.0,,2024-07-24,True
856,29,73000.0,,2024-07-25,True
660,24,46000.0,,2024-07-25,True
697,25,35000.0,,2024-07-25,True
398,15,75000.0,,2024-07-25,True
14,1,25000.0,,2024-07-26,True
286,11,23000.0,,2024-07-26,True
287,11,36000.0,,2024-07-26,True
1066,34,74000.0,,2024-07-26,True
288,11,23000.0,,2024-07-27,True
126,5,53000.0,,2024-07-27,True
661,24,77000.0,,2024-07-27,True
228,9,62000.0,,2024-07-27,True
1129,35,58000.0,,2024-07-27,True
50,2,53000.0,,2024-07-28,True
1358,39,119000.0,,2024-07-28,False
15,1,73000.0,,2024-07-28,True
733,26,43000.0,,2024-07-28,True
102,4,62000.0,,2024-07-28,True
734,26,85000.0,,2024-07-28,True
1231,37,82000.0,,2024-07-30,True
127,5,52000.0,,2024-07-30,True
566,21,64000.0,,2024-07-30,True
1130,35,112000.0,,2024-07-30,True
628,23,78000.0,,2024-07-31,True
1001,33,96000.0,,2024-07-31,True
567,21,81000.0,,2024-07-31,False
1067,34,52000.0,,2024-07-31,True
1180,36,105000.0,,2024-07-31,True
51,2,66000.0,,2024-07-31,True
128,5,28000.0,,2024-07-31,False
1068,34,67000.0,,2024-08-01,True
924,31,79000.0,,2024-08-01,True
1232,37,113000.0,,2024-08-01,True
317,12,68000.0,,2024-08-01,True
1407,40,53000.0,,2024-08-02,True
377,14,73000.0,,2024-08-03,True
777,27,85000.0,,2024-08-03,True
1002,33,81000.0,,2024-08-03,True
149,6,33000.0,,2024-08-03,True
599,22,88000.0,,2024-08-04,True
1233,37,97000.0,,2024-08-04,True
1003,33,117000.0,,2024-08-04,True
16,1,57000.0,,2024-08-05,True
807,28,74000.0,,2024-08-05,True
502,19,44000.0,,2024-08-06,True
735,26,66000.0,,2024-08-06,True
857,29,92000.0,,2024-08-06,True
79,3,55000.0,,2024-08-06,True
1288,38,91000.0,,2024-08-06,True
600,22,52000.0,,2024-08-06,True
736,26,39000.0,,2024-08-06,True
525,20,76000.0,,2024-08-07,True
925,31,55000.0,,2024-08-07,False
503,19,46000.0,,2024-08-07,True
1071,34,43000.0,,2024-08-07,True
1070,34,85000.0,,2024-08-07,False
1069,34,47000.0,,2024-08-07,True
417,16,52000.0,,2024-08-07,True
1289,38,113000.0,,2024-08-08,True
526,20,40000.0,,2024-08-08,True
956,32,61000.0,,2024-08-08,True
469,18,61000.0,,2024-08-08,True
229,9,37000.0,,2024-08-08,True
858,29,44000.0,,2024-08-08,True
859,29,65000.0,,2024-08-08,True
778,27,73000.0,,2024-08-08,True
254,10,59000.0,,2024-08-08,True
1234,37,119000.0,,2024-08-09,True
1072,34,101000.0,,2024-08-09,True
52,2,34000.0,,2024-08-09,True
172,7,56000.0,,2024-08-09,True
1290,38,48000.0,,2024-08-10,False
1073,34,118000.0,,2024-08-11,True
662,24,89000.0,,2024-08-12,False
1004,33,85000.0,,2024-08-12,True
568,21,44000.0,,2024-08-13,True
441,17,23000.0,,2024-08-14,False
1005,33,40000.0,,2024-08-14,True
569,21,63000.0,,2024-08-14,False
779,27,32000.0,,2024-08-14,True
780,27,42000.0,,2024-08-15,True
150,6,40000.0,,2024-08-15,True
860,29,100000.0,,2024-08-15,True
527,20,27000.0,,2024-08-15,True
808,28,68000.0,,2024-08-15,True
663,24,47000.0,,2024-08-16,True
255,10,54000.0,,2024-08-16,True
809,28,41000.0,,2024-08-16,True
173,7,22000.0,,2024-08-17,True
442,17,55000.0,,2024-08-17,True
199,8,30000.0,,2024-08-17,True
1291,38,108000.0,,2024-08-17,False
378,14,46000.0,,2024-08-17,True
318,12,28000.0,,2024-08-17,True
103,4,23000.0,,2024-08-18,True
104,4,58000.0,,2024-08-18,True
1074,34,60000.0,,2024-08-18,True
629,23,62000.0,,2024-08-18,True
1075,34,100000.0,,2024-08-19,True
1236,37,90000.0,,2024-08-19,False
1235,37,45000.0,,2024-08-19,False
570,21,63000.0,,2024-08-20,True
601,22,95000.0,,2024-08-21,True
571,21,87000.0,,2024-08-21,True
957,32,85000.0,,2024-08-21,True
1408,40,113000.0,,2024-08-21,True
174,7,21000.0,,2024-08-21,True
129,5,29000.0,,2024-08-22,True
737,26,34000.0,,2024-08-22,True
1006,33,44000.0,,2024-08-22,True
1076,34,99000.0,,2024-08-22,True
504,19,22000.0,,2024-08-23,True
17,1,57000.0,,2024-08-23,True
130,5,49000.0,,2024-08-23,True
1181,36,105000.0,,2024-08-23,True
319,12,49000.0,,2024-08-23,True
175,7,71000.0,,2024-08-23,True
698,25,36000.0,,2024-08-23,True
958,32,93000.0,,2024-08-23,True
443,17,29000.0,,2024-08-24,True
131,5,49000.0,,2024-08-24,True
176,7,57000.0,,2024-08-24,True
861,29,57000.0,,2024-08-24,True
53,2,48000.0,,2024-08-24,True
355,13,60000.0,,2024-08-24,True
354,13,35000.0,,2024-08-24,True
379,14,63000.0,,2024-08-24,True
256,10,23000.0,,2024-08-24,True
572,21,96000.0,,2024-08-25,True
892,30,84000.0,,2024-08-25,True
1292,38,112000.0,,2024-08-26,True
356,13,39000.0,,2024-08-26,True
470,18,47000.0,,2024-08-26,True
1007,33,101000.0,,2024-08-26,False
257,10,79000.0,,2024-08-26,True
132,5,39000.0,,2024-08-27,True
699,25,40000.0,,2024-08-28,True
505,19,39000.0,,2024-08-28,True
528,20,53000.0,,2024-08-28,True
1008,33,52000.0,,2024-08-29,False
1237,37,66000.0,,2024-08-29,True
1077,34,114000.0,,2024-08-29,True
602,22,80000.0,,2024-08-29,True
1359,39,75000.0,,2024-08-29,True
1360,39,109000.0,,2024-08-29,True
1009,33,87000.0,,2024-08-29,True
151,6,33000.0,,2024-08-30,True
152,6,69000.0,,2024-08-31,True
80,3,29000.0,,2024-08-31,True
1361,39,77000.0,,2024-08-31,True
506,19,75000.0,,2024-08-31,True
810,28,65000.0,,2024-08-31,True
320,12,44000.0,,2024-09-01,True
781,27,97000.0,,2024-09-01,False
1078,34,45000.0,,2024-09-01,True
18,1,43000.0,,2024-09-02,True
782,27,30000.0,,2024-09-02,True
1293,38,91000.0,,2024-09-02,True
1010,33,81000.0,,2024-09-03,False
177,7,48000.0,,2024-09-04,True
81,3,39000.0,,2024-09-04,True
893,30,83000.0,,2024-09-05,True
153,6,35000.0,,2024-09-05,True
700,25,65000.0,,2024-09-05,True
630,23,61000.0,,2024-09-05,True
1294,38,72000.0,,2024-09-05,False
1011,33,63000.0,,2024-09-05,True
471,18,54000.0,,2024-09-05,True
1295,38,68000.0,,2024-09-05,True
19,1,36000.0,,2024-09-06,True
926,31,71000.0,,2024-09-06,False
258,10,66000.0,,2024-09-06,True
357,13,62000.0,,2024-09-06,True
1012,33,79000.0,,2024-09-07,True
1238,37,77000.0,,2024-09-07,True
894,30,60000.0,,2024-09-09,True
20,1,55000.0,,2024-09-09,True
358,13,53000.0,,2024-09-09,True
1079,34,90000.0,,2024-09-09,False
959,32,87000.0,,2024-09-10,False
1131,35,68000.0,,2024-09-10,False
1362,39,52000.0,,2024-09-10,False
573,21,42000.0,,2024-09-11,False
1080,34,116000.0,,2024-09-11,True
1239,37,74000.0,,2024-09-11,False
783,27,68000.0,,2024-09-11,True
472,18,78000.0,,2024-09-12,True
399,15,47000.0,,2024-09-12,True
960,32,68000.0,,2024-09-12,True
82,3,37000.0,,2024-09-12,True
927,31,42000.0,,2024-09-12,True
631,23,44000.0,,2024-09-12,True
54,2,69000.0,,2024-09-13,True
895,30,56000.0,,2024-09-13,True
1081,34,72000.0,,2024-09-13,True
664,24,60000.0,,2024-09-14,True
529,20,64000.0,,2024-09-14,True
1409,40,95000.0,,2024-09-14,True
1296,38,62000.0,,2024-09-15,True
1082,34,61000.0,,2024-09-15,False
400,15,60000.0,,2024-09-15,True
929,31,90000.0,,2024-09-15,True
928,31,37000.0,,2024-09-15,False
811,28,54000.0,,2024-09-15,True
83,3,44000.0,,2024-09-16,True
21,1,24000.0,,2024-09-16,True
665,24,87000.0,,2024-09-16,True
200,8,32000.0,,2024-09-16,True
1013,33,90000.0,,2024-09-16,True
1297,38,95000.0,,2024-09-17,True
701,25,45000.0,,2024-09-17,True
1240,37,84000.0,,2024-09-17,True
632,23,60000.0,,2024-09-17,True
812,28,93000.0,,2024-09-18,True
784,27,87000.0,,2024-09-18,True
178,7,26000.0,,2024-09-18,True
418,16,40000.0,,2024-09-18,True
84,3,25000.0,,2024-09-18,True
813,28,89000.0,,2024-09-18,True
507,19,56000.0,,2024-09-18,True
814,28,72000.0,,2024-09-19,True
473,18,33000.0,,2024-09-19,True
1083,34,102000.0,,2024-09-19,True
1014,33,98000.0,,2024-09-19,True
1132,35,49000.0,,2024-09-19,True
1363,39,62000.0,,2024-09-19,False
1364,39,65000.0,,2024-09-19,True
133,5,76000.0,,2024-09-19,True
862,29,71000.0,,2024-09-20,True
1084,34,63000.0,,2024-09-20,False
1133,35,84000.0,,2024-09-20,True
179,7,70000.0,,2024-09-21,True
85,3,47000.0,,2024-09-21,True
863,29,32000.0,,2024-09-21,False
321,12,79000.0,,2024-09-22,True
230,9,21000.0,,2024-09-22,True
896,30,87000.0,,2024-09-22,True
289,11,30000.0,,2024-09-22,True
474,18,31000.0,,2024-09-22,True
1085,34,87000.0,,2024-09-23,True
419,16,69000.0,,2024-09-23,True
290,11,36000.0,,2024-09-23,True
633,23,54000.0,,2024-09-23,True
1241,37,94000.0,,2024-09-23,True
930,31,69000.0,,2024-09-24,True
55,2,36000.0,,2024-09-24,True
574,21,49000.0,,2024-09-24,True
530,20,66000.0,,2024-09-24,True
1365,39,77000.0,,2024-09-24,False
961,32,35000.0,,2024-09-24,True
603,22,37000.0,,2024-09-25,True
815,28,60000.0,,2024-09-25,True
864,29,51000.0,,2024-09-25,True
634,23,73000.0,,2024-09-26,True
575,21,59000.0,,2024-09-26,True
1298,38,68000.0,,2024-09-26,True
576,21,75000.0,,2024-09-26,True
577,21,67000.0,,2024-09-26,True
931,31,67000.0,,2024-09-26,True
22,1,67000.0,,2024-09-27,True
259,10,46000.0,,2024-09-27,True
231,9,45000.0,,2024-09-27,True
897,30,45000.0,,2024-09-27,True
1086,34,119000.0,,2024-09-27,True
962,32,81000.0,,2024-09-27,True
154,6,49000.0,,2024-09-27,True
401,15,78000.0,,2024-09-28,True
202,8,51000.0,,2024-09-28,True
291,11,51000.0,,2024-09-28,True
201,8,68000.0,,2024-09-28,True
1242,37,87000.0,,2024-09-28,True
106,4,46000.0,,2024-09-28,True
105,4,28000.0,,2024-09-28,True
1087,34,60000.0,,2024-09-29,True
1088,34,116000.0,,2024-10-01,True
420,16,46000.0,,2024-10-02,True
475,18,34000.0,,2024-10-02,True
1015,33,109000.0,,2024-10-02,True
23,1,52000.0,,2024-10-02,True
578,21,75000.0,,2024-10-03,True
898,30,35000.0,,2024-10-03,True
899,30,79000.0,,2024-10-04,True
1016,33,95000.0,,2024-10-04,True
421,16,65000.0,,2024-10-04,True
702,25,30000.0,,2024-10-04,True
1243,37,69000.0,,2024-10-04,True
1410,40,80000.0,,2024-10-05,True
900,30,95000.0,,2024-10-05,True
738,26,79000.0,,2024-10-05,True
739,26,88000.0,,2024-10-06,True
1182,36,48000.0,,2024-10-06,False
1366,39,66000.0,,2024-10-06,True
86,3,46000.0,,2024-10-07,True
1134,35,109000.0,,2024-10-07,True
508,19,22000.0,,2024-10-07,True
260,10,25000.0,,2024-10-07,True
1299,38,50000.0,,2024-10-07,True
1367,39,72000.0,,2024-10-07,True
422,16,31000.0,,2024-10-07,True
1244,37,45000.0,,2024-10-08,True
1089,34,86000.0,,2024-10-08,False
476,18,22000.0,,2024-10-08,True
901,30,75000.0,,2024-10-08,True
1017,33,45000.0,,2024-10-08,True
155,6,35000.0,,2024-10-08,True
932,31,78000.0,,2024-10-09,True
203,8,56000.0,,2024-10-09,True
322,12,51000.0,,2024-10-09,True
1245,37,74000.0,,2024-10-09,False
703,25,40000.0,,2024-10-10,True
531,20,76000.0,,2024-10-10,True
1183,36,94000.0,,2024-10-11,True
1368,39,97000.0,,2024-10-11,False
532,20,48000.0,,2024-10-11,True
786,27,71000.0,,2024-10-12,True
785,27,32000.0,,2024-10-12,True
1184,36,72000.0,,2024-10-12,False
1135,35,67000.0,,2024-10-13,True
1300,38,111000.0,,2024-10-14,True
933,31,54000.0,,2024-10-14,True
865,29,80000.0,,2024-10-15,True
866,29,68000.0,,2024-10-15,True
816,28,87000.0,,2024-10-15,True
1411,40,84000.0,,2024-10-15,True
323,12,67000.0,,2024-10-15,True
902,30,36000.0,,2024-10-15,True
232,9,51000.0,,2024-10-16,True
1369,39,93000.0,,2024-10-16,False
1412,40,54000.0,,2024-10-16,False
359,13,24000.0,,2024-10-16,True
579,21,72000.0,,2024-10-16,True
666,24,34000.0,,2024-10-17,True
292,11,51000.0,,2024-10-18,True
1301,38,59000.0,,2024-10-18,True
324,12,79000.0,,2024-10-18,True
704,25,96000.0,,2024-10-18,True
24,1,41000.0,,2024-10-19,True
1302,38,95000.0,,2024-10-20,True
1413,40,79000.0,,2024-10-20,False
867,29,69000.0,,2024-10-20,True
156,6,37000.0,,2024-10-20,True
740,26,59000.0,,2024-10-21,True
635,23,88000.0,,2024-10-21,True
636,23,79000.0,,2024-10-21,True
868,29,83000.0,,2024-10-21,True
604,22,33000.0,,2024-10-21,True
1136,35,49000.0,,2024-10-21,False
1414,40,117000.0,,2024-10-22,False
1303,38,112000.0,,2024-10-22,True
1370,39,45000.0,,2024-10-22,True
817,28,89000.0,,2024-10-22,True
402,15,56000.0,,2024-10-22,True
360,13,36000.0,,2024-10-22,True
509,19,28000.0,,2024-10-23,True
157,6,75000.0,,2024-10-24,True
233,9,34000.0,,2024-10-24,True
667,24,66000.0,,2024-10-25,True
444,17,36000.0,,2024-10-25,True
180,7,46000.0,,2024-10-25,True
134,5,31000.0,,2024-10-25,True
605,22,72000.0,,2024-10-25,True
1185,36,62000.0,,2024-10-25,False
477,18,51000.0,,2024-10-26,True
668,24,60000.0,,2024-10-26,True
87,3,58000.0,,2024-10-26,True
1137,35,117000.0,,2024-10-27,True
1304,38,57000.0,,2024-10-28,True
1371,39,63000.0,,2024-10-28,True
1415,40,97000.0,,2024-10-28,False
818,28,59000.0,,2024-10-29,True
25,1,22000.0,,2024-10-29,True
741,26,62000.0,,2024-10-30,True
1246,37,100000.0,,2024-10-30,True
56,2,35000.0,,2024-10-30,True
1186,36,43000.0,,2024-10-30,True
1416,40,109000.0,,2024-10-30,True
1018,33,95000.0,,2024-10-31,True
293,11,55000.0,,2024-10-31,True
1138,35,66000.0,,2024-10-31,True
819,28,74000.0,,2024-11-01,False
361,13,71000.0,,2024-11-01,True
135,5,63000.0,,2024-11-01,True
637,23,92000.0,,2024-11-01,True
934,31,99000.0,,2024-11-01,False
669,24,71000.0,,2024-11-01,True
158,6,51000.0,,2024-11-01,True
787,27,57000.0,,2024-11-01,True
1019,33,68000.0,,2024-11-02,True
423,16,70000.0,,2024-11-02,True
935,31,38000.0,,2024-11-02,True
606,22,58000.0,,2024-11-03,True
607,22,72000.0,,2024-11-03,True
1305,38,89000.0,,2024-11-03,False
403,15,64000.0,,2024-11-04,True
510,19,46000.0,,2024-11-04,True
445,17,34000.0,,2024-11-04,True
580,21,80000.0,,2024-11-04,True
705,25,61000.0,,2024-11-04,True
1306,38,56000.0,,2024-11-05,False
362,13,46000.0,,2024-11-05,True
1307,38,101000.0,,2024-11-07,False
533,20,34000.0,,2024-11-07,True
1090,34,76000.0,,2024-11-07,True
1187,36,73000.0,,2024-11-07,False
181,7,42000.0,,2024-11-07,True
742,26,30000.0,,2024-11-08,True
869,29,46000.0,,2024-11-08,True
446,17,48000.0,,2024-11-08,True
1091,34,83000.0,,2024-11-09,True
182,7,38000.0,,2024-11-09,True
608,22,84000.0,,2024-11-09,False
1139,35,65000.0,,2024-11-09,True
706,25,71000.0,,2024-11-10,True
234,9,75000.0,,2024-11-10,True
235,9,41000.0,,2024-11-10,True
183,7,66000.0,,2024-11-10,True
1308,38,102000.0,,2024-11-10,False
26,1,27000.0,,2024-11-11,True
325,12,41000.0,,2024-11-11,True
159,6,44000.0,,2024-11-11,True
870,29,74000.0,,2024-11-11,True
236,9,25000.0,,2024-11-12,True
1417,40,72000.0,,2024-11-12,True
326,12,37000.0,,2024-11-12,True
204,8,43000.0,,2024-11-12,True
380,14,44000.0,,2024-11-13,True
88,3,66000.0,,2024-11-13,True
581,21,51000.0,,2024-11-13,True
1092,34,102000.0,,2024-11-13,True
1418,40,93000.0,,2024-11-14,True
534,20,46000.0,,2024-11-14,True
1093,34,74000.0,,2024-11-14,True
261,10,76000.0,,2024-11-16,True
609,22,75000.0,,2024-11-16,True
1188,36,104000.0,,2024-11-17,True
1140,35,94000.0,,2024-11-17,True
511,19,66000.0,,2024-11-18,True
610,22,60000.0,,2024-11-18,True
262,10,75000.0,,2024-11-18,True
424,16,54000.0,,2024-11-19,True
478,18,26000.0,,2024-11-19,True
1189,36,74000.0,,2024-11-19,False
381,14,75000.0,,2024-11-19,True
1372,39,109000.0,,2024-11-20,True
963,32,86000.0,,2024-11-20,True
160,6,23000.0,,2024-11-20,True
1141,35,101000.0,,2024-11-20,False
479,18,31000.0,,2024-11-20,True
1020,33,62000.0,,2024-11-21,False
136,5,27000.0,,2024-11-21,True
707,25,56000.0,,2024-11-21,True
480,18,41000.0,,2024-11-22,True
1309,38,113000.0,,2024-11-22,True
263,10,44000.0,,2024-11-22,True
611,22,93000.0,,2024-11-23,True
1310,38,60000.0,,2024-11-23,True
425,16,75000.0,,2024-11-23,True
582,21,39000.0,,2024-11-24,True
903,30,35000.0,,2024-11-25,True
904,30,49000.0,,2024-11-25,True
1021,33,70000.0,,2024-11-25,False
1247,37,106000.0,,2024-11-25,True
743,26,52000.0,,2024-11-25,True
535,20,75000.0,,2024-11-26,True
512,19,30000.0,,2024-11-26,True
905,30,65000.0,,2024-11-26,True
89,3,71000.0,,2024-11-26,True
327,12,43000.0,,2024-11-27,True
670,24,78000.0,,2024-11-27,True
788,27,85000.0,,2024-11-27,True
1248,37,103000.0,,2024-11-27,True
27,1,70000.0,,2024-11-27,True
789,27,78000.0,,2024-11-28,True
1094,34,54000.0,,2024-11-28,False
161,6,51000.0,,2024-11-28,True
264,10,44000.0,,2024-11-28,True
382,14,23000.0,,2024-11-28,True
205,8,37000.0,,2024-11-29,False
1419,40,57000.0,,2024-11-29,False
481,18,72000.0,,2024-11-29,True
1311,38,81000.0,,2024-11-29,False
57,2,64000.0,,2024-11-30,True
383,14,46000.0,,2024-12-01,True
638,23,35000.0,,2024-12-01,True
1142,35,63000.0,,2024-12-01,True
28,1,25000.0,,2024-12-02,True
639,23,87000.0,,2024-12-02,False
1373,39,64000.0,,2024-12-02,False
640,23,71000.0,,2024-12-02,False
1312,38,105000.0,,2024-12-02,False
820,28,99000.0,,2024-12-03,True
107,4,50000.0,,2024-12-04,True
404,15,60000.0,,2024-12-04,True
871,29,69000.0,,2024-12-04,True
58,2,62000.0,,2024-12-04,True
59,2,35000.0,,2024-12-05,True
1249,37,43000.0,,2024-12-06,False
1420,40,45000.0,,2024-12-06,False
137,5,73000.0,,2024-12-06,True
294,11,49000.0,,2024-12-07,True
328,12,60000.0,,2024-12-07,True
90,3,45000.0,,2024-12-07,True
1313,38,63000.0,,2024-12-07,False
426,16,73000.0,,2024-12-08,True
708,25,49000.0,,2024-12-09,False
29,1,43000.0,,2024-12-09,True
1314,38,43000.0,,2024-12-09,False
1095,34,92000.0,,2024-12-09,False
744,26,34000.0,,2024-12-10,True
1190,36,45000.0,,2024-12-10,False
536,20,24000.0,,2024-12-11,True
1191,36,101000.0,,2024-12-11,False
709,25,54000.0,,2024-12-12,True
427,16,66000.0,,2024-12-12,True
1250,37,110000.0,,2024-12-12,False
513,19,64000.0,,2024-12-12,True
671,24,75000.0,,2024-12-12,False
108,4,74000.0,,2024-12-13,True
612,22,45000.0,,2024-12-13,False
428,16,42000.0,,2024-12-13,True
745,26,82000.0,,2024-12-13,False
1315,38,98000.0,,2024-12-14,False
1022,33,93000.0,,2024-12-14,False
1192,36,77000.0,,2024-12-14,False
1374,39,49000.0,,2024-12-14,False
964,32,91000.0,,2024-12-15,False
162,6,74000.0,,2024-12-15,True
138,5,42000.0,,2024-12-15,True
1143,35,89000.0,,2024-12-16,False
1376,39,54000.0,,2024-12-16,False
514,19,22000.0,,2024-12-16,True
1375,39,97000.0,,2024-12-16,False
710,25,46000.0,,2024-12-16,False
329,12,33000.0,,2024-12-17,True
30,1,55000.0,,2024-12-17,True
1251,37,99000.0,,2024-12-17,False
295,11,78000.0,,2024-12-17,True
1023,33,44000.0,,2024-12-18,False
1421,40,56000.0,,2024-12-19,False
641,23,98000.0,,2024-12-19,False
1024,33,77000.0,,2024-12-19,False
822,28,96000.0,,2024-12-19,False
31,1,55000.0,,2024-12-19,True
821,28,39000.0,,2024-12-19,False
672,24,72000.0,,2024-12-19,True
91,3,54000.0,,2024-12-20,True
265,10,72000.0,,2024-12-20,True
823,28,99000.0,,2024-12-20,True
746,26,53000.0,,2024-12-21,True
109,4,57000.0,,2024-12-22,True
184,7,46000.0,,2024-12-22,True
1193,36,73000.0,,2024-12-23,False
1025,33,92000.0,,2024-12-23,False
1194,36,78000.0,,2024-12-23,False
237,9,36000.0,,2024-12-23,True
642,23,91000.0,,2024-12-23,False
825,28,57000.0,,2024-12-23,False
824,28,76000.0,,2024-12-23,False
790,27,40000.0,,2024-12-24,False
872,29,86000.0,,2024-12-24,False
1096,34,108000.0,,2024-12-24,False
60,2,24000.0,,2024-12-24,True
1377,39,86000.0,,2024-12-24,False
238,9,20000.0,,2024-12-24,False
266,10,40000.0,,2024-12-25,True
405,15,30000.0,,2024-12-25,False
747,26,79000.0,,2024-12-25,False
206,8,54000.0,,2024-12-26,False
1252,37,58000.0,,2024-12-26,False
1097,34,91000.0,,2024-12-26,False
1026,33,41000.0,,2024-12-26,False
537,20,51000.0,,2024-12-27,True
363,13,67000.0,,2024-12-27,False
711,25,80000.0,,2024-12-27,False
406,15,68000.0,,2024-12-27,False
1253,37,79000.0,,2024-12-28,False
748,26,79000.0,,2024-12-28,True
791,27,54000.0,,2024-12-28,False
1378,39,67000.0,,2024-12-28,False
613,22,35000.0,,2024-12-29,False
1027,33,73000.0,,2024-12-29,False
163,6,69000.0,,2024-12-29,False
364,13,52000.0,,2024-12-29,False
643,23,34000.0,,2024-12-30,False
1098,34,71000.0,,2024-12-30,False
1379,39,106000.0,,2024-12-30,False
906,30,82000.0,,2024-12-30,False
