repayment_id,ledger_id,amount,repaid_at
910,750,32000.0,2024-01-04
716,583,78000.0,2024-01-05
1542,1381,104000.0,2024-01-07
412,330,33000.0,2024-01-07
1092,907,60000.0,2024-01-08
1,1,32000.0,2024-01-09
594,483,29000.0,2024-01-09
909,749,90000.0,2024-01-09
413,330,19000.0,2024-01-09
554,447,22000.0,2024-01-10
1540,1380,43000.0,2024-01-10
366,296,35000.0,2024-01-10
595,484,14000.0,2024-01-11
1285,1099,41000.0,2024-01-11
996,826,46000.0,2024-01-11
414,331,22000.0,2024-01-12
476,384,41000.0,2024-01-12
593,482,67000.0,2024-01-12
130,110,45000.0,2024-01-13
913,752,39000.0,2024-01-14
328,267,16000.0,2024-01-14
634,515,37000.0,2024-01-14
666,538,58000.0,2024-01-14
636,516,57000.0,2024-01-14
251,208,79000.0,2024-01-14
367,297,20000.0,2024-01-14
198,164,42000.0,2024-01-14
1376,1197,81000.0,2024-01-15
914,752,30000.0,2024-01-15
596,484,12000.0,2024-01-15
997,827,36000.0,2024-01-15
368,297,17000.0,2024-01-15
1374,1196,46000.0,2024-01-15
37,32,73000.0,2024-01-15
329,267,29000.0,2024-01-15
598,486,28000.0,2024-01-16
226,185,16000.0,2024-01-16
110,92,76000.0,2024-01-16
1121,937,45000.0,2024-01-16
252,209,12000.0,2024-01-16
533,429,37000.0,2024-01-17
862,712,27000.0,2024-01-17
599,486,23000.0,2024-01-17
597,485,74000.0,2024-01-17
254,210,24000.0,2024-01-17
73,61,52000.0,2024-01-17
668,540,73000.0,2024-01-18
253,209,22000.0,2024-01-18
749,614,88000.0,2024-01-19
1483,1317,55000.0,2024-01-19
255,210,17000.0,2024-01-19
294,239,58000.0,2024-01-19
1541,1380,34000.0,2024-01-19
227,185,29000.0,2024-01-19
635,515,35000.0,2024-01-19
1543,1382,32000.0,2024-01-19
812,673,58000.0,2024-01-21
250,207,36000.0,2024-01-21
911,751,40000.0,2024-01-22
1286,1099,30000.0,2024-01-22
1326,1145,52000.0,2024-01-22
453,365,53000.0,2024-01-22
1157,966,30000.0,2024-01-22
1484,1319,23000.0,2024-01-23
998,827,62000.0,2024-01-23
1375,1196,29000.0,2024-01-24
1048,874,29000.0,2024-01-24
131,111,26000.0,2024-01-25
133,112,23000.0,2024-01-25
1544,1382,19000.0,2024-01-25
228,186,13000.0,2024-01-25
750,615,40000.0,2024-01-26
1429,1255,75000.0,2024-01-26
781,644,36000.0,2024-01-27
504,407,46000.0,2024-01-27
134,112,37000.0,2024-01-27
717,584,89000.0,2024-01-27
863,712,26000.0,2024-01-27
1486,1320,42000.0,2024-01-27
1491,1324,57000.0,2024-01-28
1000,829,18000.0,2024-01-28
534,430,17000.0,2024-01-28
1328,1146,114000.0,2024-01-28
1489,1323,34000.0,2024-01-28
132,111,31000.0,2024-01-28
229,186,18000.0,2024-01-29
1158,966,14000.0,2024-01-29
535,430,25000.0,2024-01-29
1120,936,45000.0,2024-01-29
295,240,36000.0,2024-01-30
866,715,16000.0,2024-01-30
864,713,92000.0,2024-01-30
667,539,31000.0,2024-01-30
330,268,61000.0,2024-01-30
912,751,48000.0,2024-01-31
669,541,27000.0,2024-01-31
867,715,32000.0,2024-01-31
331,269,48000.0,2024-01-31
296,240,29000.0,2024-01-31
415,333,73000.0,2024-01-31
297,241,70000.0,2024-02-01
332,270,53000.0,2024-02-01
1490,1323,78000.0,2024-02-01
1325,1144,51000.0,2024-02-01
1156,965,90000.0,2024-02-01
536,431,77000.0,2024-02-01
135,113,39000.0,2024-02-01
1485,1319,26000.0,2024-02-02
111,93,24000.0,2024-02-02
916,755,69000.0,2024-02-02
782,644,18000.0,2024-02-02
1001,829,17000.0,2024-02-02
256,211,47000.0,2024-02-02
454,366,38000.0,2024-02-03
1487,1321,22000.0,2024-02-03
1327,1145,28000.0,2024-02-03
555,448,42000.0,2024-02-03
369,298,60000.0,2024-02-03
556,448,33000.0,2024-02-04
1330,1148,32000.0,2024-02-05
370,299,71000.0,2024-02-05
257,211,30000.0,2024-02-05
1049,874,62000.0,2024-02-06
1332,1149,100000.0,2024-02-06
1050,875,20000.0,2024-02-08
333,271,45000.0,2024-02-08
417,335,26000.0,2024-02-09
1212,1029,57000.0,2024-02-09
670,541,57000.0,2024-02-09
814,675,36000.0,2024-02-09
813,674,58000.0,2024-02-09
558,450,24000.0,2024-02-09
1210,1028,41000.0,2024-02-10
865,714,31000.0,2024-02-10
1433,1260,97000.0,2024-02-10
915,754,53000.0,2024-02-11
416,334,26000.0,2024-02-11
1122,938,65000.0,2024-02-11
199,165,56000.0,2024-02-11
1383,1203,36000.0,2024-02-11
2,2,80000.0,2024-02-11
230,187,53000.0,2024-02-12
418,335,34000.0,2024-02-12
559,450,23000.0,2024-02-13
334,271,22000.0,2024-02-13
600,487,39000.0,2024-02-13
1385,1204,74000.0,2024-02-14
1373,1195,73000.0,2024-02-14
1430,1257,111000.0,2024-02-14
1093,909,40000.0,2024-02-14
259,213,56000.0,2024-02-14
335,272,31000.0,2024-02-15
505,408,12000.0,2024-02-15
1287,1100,98000.0,2024-02-15
999,828,63000.0,2024-02-15
557,449,75000.0,2024-02-15
298,242,31000.0,2024-02-15
38,34,46000.0,2024-02-16
1094,910,51000.0,2024-02-16
477,385,28000.0,2024-02-16
1381,1202,54000.0,2024-02-16
421,338,25000.0,2024-02-16
422,338,48000.0,2024-02-17
258,212,53000.0,2024-02-17
419,336,22000.0,2024-02-18
815,675,43000.0,2024-02-18
1494,1328,68000.0,2024-02-18
74,62,75000.0,2024-02-19
601,487,33000.0,2024-02-19
506,408,25000.0,2024-02-19
39,34,24000.0,2024-02-19
962,792,96000.0,2024-02-20
40,35,65000.0,2024-02-20
1290,1103,26000.0,2024-02-20
1213,1029,43000.0,2024-02-20
420,337,50000.0,2024-02-20
752,617,84000.0,2024-02-21
1378,1199,76000.0,2024-02-21
1435,1262,116000.0,2024-02-21
1051,875,33000.0,2024-02-21
1331,1148,29000.0,2024-02-21
1488,1321,20000.0,2024-02-21
1545,1384,70000.0,2024-02-22
1546,1385,72000.0,2024-02-22
336,273,31000.0,2024-02-22
751,616,94000.0,2024-02-23
1428,1254,114000.0,2024-02-23
917,756,49000.0,2024-02-24
478,386,30000.0,2024-02-24
261,215,15000.0,2024-02-24
918,757,62000.0,2024-02-24
1384,1203,38000.0,2024-02-24
337,273,18000.0,2024-02-25
1436,1263,36000.0,2024-02-25
165,139,42000.0,2024-02-25
919,758,26000.0,2024-02-25
1386,1204,40000.0,2024-02-25
1002,830,64000.0,2024-02-26
869,717,41000.0,2024-02-26
75,63,80000.0,2024-02-26
718,585,13000.0,2024-02-27
262,215,10000.0,2024-02-27
1288,1101,52000.0,2024-02-28
671,542,42000.0,2024-02-28
260,214,56000.0,2024-02-28
4,4,29000.0,2024-02-28
602,488,45000.0,2024-02-28
1434,1261,106000.0,2024-02-29
1216,1031,110000.0,2024-02-29
1439,1266,119000.0,2024-02-29
1329,1147,72000.0,2024-02-29
5,4,26000.0,2024-02-29
76,64,32000.0,2024-03-01
603,489,37000.0,2024-03-01
41,36,24000.0,2024-03-01
299,243,71000.0,2024-03-01
372,301,72000.0,2024-03-01
3,3,25000.0,2024-03-02
1004,832,68000.0,2024-03-02
455,367,28000.0,2024-03-02
560,452,45000.0,2024-03-02
1339,1156,94000.0,2024-03-02
507,409,54000.0,2024-03-03
456,368,37000.0,2024-03-03
338,274,59000.0,2024-03-03
339,275,42000.0,2024-03-03
920,758,51000.0,2024-03-03
868,716,61000.0,2024-03-04
1003,831,61000.0,2024-03-04
42,36,15000.0,2024-03-04
43,37,60000.0,2024-03-04
719,585,18000.0,2024-03-04
637,517,26000.0,2024-03-04
300,244,66000.0,2024-03-04
371,300,35000.0,2024-03-05
1379,1200,44000.0,2024-03-05
537,432,30000.0,2024-03-05
1289,1102,62000.0,2024-03-05
1432,1259,65000.0,2024-03-06
1380,1201,44000.0,2024-03-06
963,793,82000.0,2024-03-06
1382,1202,41000.0,2024-03-06
783,645,84000.0,2024-03-07
44,38,32000.0,2024-03-07
1214,1030,51000.0,2024-03-07
538,433,37000.0,2024-03-07
1291,1103,14000.0,2024-03-07
1334,1151,96000.0,2024-03-07
263,216,35000.0,2024-03-07
816,676,46000.0,2024-03-08
818,678,25000.0,2024-03-09
1377,1198,43000.0,2024-03-09
921,759,48000.0,2024-03-10
1007,835,90000.0,2024-03-10
1431,1258,57000.0,2024-03-10
301,245,59000.0,2024-03-10
539,433,18000.0,2024-03-10
479,387,12000.0,2024-03-11
1547,1387,68000.0,2024-03-11
1211,1028,33000.0,2024-03-11
604,490,69000.0,2024-03-12
77,65,39000.0,2024-03-12
1335,1152,34000.0,2024-03-12
112,94,61000.0,2024-03-12
1333,1150,74000.0,2024-03-13
1008,836,19000.0,2024-03-13
423,339,68000.0,2024-03-13
136,114,30000.0,2024-03-13
1005,833,88000.0,2024-03-13
605,491,20000.0,2024-03-13
231,188,21000.0,2024-03-13
302,246,58000.0,2024-03-13
1497,1334,31000.0,2024-03-13
1293,1105,99000.0,2024-03-14
113,95,15000.0,2024-03-14
785,647,33000.0,2024-03-14
480,387,27000.0,2024-03-14
114,95,22000.0,2024-03-15
784,646,97000.0,2024-03-16
1437,1263,43000.0,2024-03-16
1010,837,23000.0,2024-03-16
264,217,62000.0,2024-03-16
1125,941,50000.0,2024-03-16
817,677,86000.0,2024-03-17
786,647,34000.0,2024-03-17
820,679,26000.0,2024-03-17
340,276,64000.0,2024-03-17
78,66,45000.0,2024-03-17
1052,876,53000.0,2024-03-17
1123,939,50000.0,2024-03-17
265,218,18000.0,2024-03-17
607,492,63000.0,2024-03-17
561,453,30000.0,2024-03-18
606,491,19000.0,2024-03-18
341,277,30000.0,2024-03-18
1440,1268,74000.0,2024-03-19
1006,834,96000.0,2024-03-19
266,218,12000.0,2024-03-19
1492,1325,104000.0,2024-03-19
819,678,29000.0,2024-03-19
1009,836,42000.0,2024-03-19
373,302,27000.0,2024-03-19
1011,837,25000.0,2024-03-20
45,39,34000.0,2024-03-21
922,759,42000.0,2024-03-22
870,718,32000.0,2024-03-22
1295,1107,71000.0,2024-03-22
1548,1388,20000.0,2024-03-22
1126,942,63000.0,2024-03-22
1292,1104,96000.0,2024-03-22
267,219,50000.0,2024-03-22
562,453,41000.0,2024-03-23
6,5,79000.0,2024-03-23
1496,1330,101000.0,2024-03-23
720,586,73000.0,2024-03-24
268,220,20000.0,2024-03-24
424,340,38000.0,2024-03-24
1438,1265,63000.0,2024-03-25
1493,1326,69000.0,2024-03-25
1219,1033,43000.0,2024-03-25
79,67,21000.0,2024-03-25
1498,1334,54000.0,2024-03-25
1127,942,27000.0,2024-03-25
923,760,46000.0,2024-03-25
425,342,13000.0,2024-03-25
1551,1390,30000.0,2024-03-25
374,303,21000.0,2024-03-26
1217,1032,71000.0,2024-03-26
1012,838,77000.0,2024-03-26
787,648,51000.0,2024-03-26
563,454,31000.0,2024-03-27
1550,1389,85000.0,2024-03-27
426,342,29000.0,2024-03-27
1340,1157,66000.0,2024-03-28
721,587,33000.0,2024-03-28
821,679,42000.0,2024-03-29
375,303,46000.0,2024-03-29
458,370,48000.0,2024-03-29
481,388,64000.0,2024-03-29
1013,839,38000.0,2024-03-30
753,618,43000.0,2024-03-30
457,369,54000.0,2024-03-30
1342,1159,77000.0,2024-03-30
460,372,16000.0,2024-03-30
269,221,16000.0,2024-03-30
1160,971,68000.0,2024-03-31
376,304,55000.0,2024-03-31
1338,1155,66000.0,2024-03-31
1015,840,64000.0,2024-03-31
272,223,26000.0,2024-03-31
482,389,67000.0,2024-03-31
459,371,75000.0,2024-03-31
342,278,50000.0,2024-04-01
115,96,61000.0,2024-04-01
722,587,45000.0,2024-04-01
1553,1391,115000.0,2024-04-01
273,223,30000.0,2024-04-01
1336,1152,71000.0,2024-04-01
822,680,45000.0,2024-04-01
233,190,47000.0,2024-04-02
966,797,52000.0,2024-04-02
461,372,7000.0,2024-04-02
200,166,27000.0,2024-04-02
137,115,33000.0,2024-04-02
166,140,28000.0,2024-04-02
1296,1107,36000.0,2024-04-02
271,222,63000.0,2024-04-03
564,455,23000.0,2024-04-03
270,221,25000.0,2024-04-03
377,305,36000.0,2024-04-03
672,543,81000.0,2024-04-03
201,166,37000.0,2024-04-03
965,796,58000.0,2024-04-03
1215,1030,57000.0,2024-04-04
1162,974,37000.0,2024-04-04
754,619,59000.0,2024-04-04
232,189,36000.0,2024-04-04
565,455,38000.0,2024-04-05
1501,1337,118000.0,2024-04-06
138,116,26000.0,2024-04-06
1297,1108,53000.0,2024-04-06
673,544,79000.0,2024-04-06
1392,1213,44000.0,2024-04-06
1124,940,97000.0,2024-04-06
1165,976,58000.0,2024-04-06
1388,1209,82000.0,2024-04-07
964,795,70000.0,2024-04-07
378,306,68000.0,2024-04-07
80,68,46000.0,2024-04-08
508,410,37000.0,2024-04-08
1441,1269,44000.0,2024-04-08
1128,943,74000.0,2024-04-08
1343,1160,60000.0,2024-04-08
1016,841,31000.0,2024-04-09
967,797,40000.0,2024-04-09
924,761,12000.0,2024-04-09
1020,844,40000.0,2024-04-10
1014,839,39000.0,2024-04-10
608,493,20000.0,2024-04-10
1159,969,62000.0,2024-04-10
1502,1338,43000.0,2024-04-11
1345,1162,32000.0,2024-04-11
1443,1271,43000.0,2024-04-11
1444,1273,36000.0,2024-04-11
1129,944,89000.0,2024-04-12
1495,1329,113000.0,2024-04-12
462,373,36000.0,2024-04-13
1552,1390,22000.0,2024-04-13
755,619,33000.0,2024-04-13
1499,1335,99000.0,2024-04-14
1223,1037,74000.0,2024-04-14
1017,842,61000.0,2024-04-14
1505,1340,32000.0,2024-04-14
46,40,29000.0,2024-04-14
638,518,25000.0,2024-04-14
1500,1336,74000.0,2024-04-14
825,683,14000.0,2024-04-14
1549,1388,23000.0,2024-04-14
823,681,73000.0,2024-04-15
1393,1213,57000.0,2024-04-15
639,518,32000.0,2024-04-15
7,6,26000.0,2024-04-15
81,69,25000.0,2024-04-15
167,141,73000.0,2024-04-15
1221,1034,70000.0,2024-04-15
1222,1035,43000.0,2024-04-15
1387,1206,92000.0,2024-04-16
1171,979,30000.0,2024-04-16
1447,1275,26000.0,2024-04-16
1397,1217,35000.0,2024-04-16
1021,844,31000.0,2024-04-16
827,684,18000.0,2024-04-16
756,620,39000.0,2024-04-16
274,224,57000.0,2024-04-16
234,191,75000.0,2024-04-16
1337,1154,96000.0,2024-04-17
1398,1217,19000.0,2024-04-17
275,225,36000.0,2024-04-17
925,761,26000.0,2024-04-17
1299,1109,51000.0,2024-04-17
676,548,41000.0,2024-04-17
1161,972,116000.0,2024-04-17
824,682,88000.0,2024-04-17
463,373,43000.0,2024-04-17
566,456,38000.0,2024-04-17
82,69,27000.0,2024-04-18
1169,978,27000.0,2024-04-18
1507,1341,48000.0,2024-04-18
1220,1033,31000.0,2024-04-19
609,495,53000.0,2024-04-19
757,621,16000.0,2024-04-19
828,684,32000.0,2024-04-19
1166,976,35000.0,2024-04-19
1448,1275,41000.0,2024-04-19
1347,1163,69000.0,2024-04-20
872,721,73000.0,2024-04-21
1294,1106,95000.0,2024-04-21
833,688,83000.0,2024-04-22
830,686,28000.0,2024-04-22
1341,1157,37000.0,2024-04-22
428,344,24000.0,2024-04-22
674,545,50000.0,2024-04-23
1346,1162,40000.0,2024-04-23
1224,1040,47000.0,2024-04-23
1022,845,88000.0,2024-04-24
1167,977,63000.0,2024-04-24
429,344,19000.0,2024-04-24
1163,974,65000.0,2024-04-24
1130,945,33000.0,2024-04-24
871,720,85000.0,2024-04-25
236,193,46000.0,2024-04-25
1298,1108,35000.0,2024-04-25
788,650,42000.0,2024-04-25
235,192,37000.0,2024-04-25
826,683,27000.0,2024-04-26
1218,1032,35000.0,2024-04-26
380,308,52000.0,2024-04-27
1131,945,58000.0,2024-04-27
829,685,53000.0,2024-04-27
116,97,34000.0,2024-04-27
1557,1396,113000.0,2024-04-28
873,722,46000.0,2024-04-28
1173,980,45000.0,2024-04-28
1018,842,28000.0,2024-04-28
831,686,35000.0,2024-04-28
675,547,32000.0,2024-04-28
48,42,49000.0,2024-04-29
430,345,36000.0,2024-04-29
1445,1273,52000.0,2024-04-29
1506,1340,14000.0,2024-04-29
1172,979,48000.0,2024-04-29
83,70,39000.0,2024-04-29
834,689,63000.0,2024-04-29
1053,877,92000.0,2024-04-30
1503,1338,59000.0,2024-04-30
431,346,68000.0,2024-04-30
758,621,16000.0,2024-04-30
427,343,23000.0,2024-05-01
381,308,27000.0,2024-05-01
276,226,45000.0,2024-05-01
1391,1212,108000.0,2024-05-02
1164,975,75000.0,2024-05-02
47,41,72000.0,2024-05-02
677,549,88000.0,2024-05-02
1019,843,60000.0,2024-05-02
117,98,20000.0,2024-05-03
760,623,84000.0,2024-05-03
640,519,26000.0,2024-05-03
379,307,45000.0,2024-05-03
1301,1111,101000.0,2024-05-03
1133,947,29000.0,2024-05-03
1395,1215,76000.0,2024-05-03
432,347,47000.0,2024-05-03
832,687,61000.0,2024-05-03
790,651,29000.0,2024-05-04
836,690,68000.0,2024-05-04
382,309,30000.0,2024-05-04
835,689,30000.0,2024-05-04
759,622,59000.0,2024-05-04
1396,1216,51000.0,2024-05-05
1229,1045,71000.0,2024-05-05
1300,1109,40000.0,2024-05-05
641,519,18000.0,2024-05-05
1344,1161,116000.0,2024-05-05
568,458,63000.0,2024-05-05
277,226,23000.0,2024-05-05
1134,947,33000.0,2024-05-06
874,723,20000.0,2024-05-06
1446,1274,67000.0,2024-05-06
1350,1165,104000.0,2024-05-06
383,310,22000.0,2024-05-06
85,72,31000.0,2024-05-07
789,650,51000.0,2024-05-07
678,550,93000.0,2024-05-07
1508,1341,39000.0,2024-05-07
1170,978,45000.0,2024-05-07
1227,1042,118000.0,2024-05-08
926,762,45000.0,2024-05-08
723,589,55000.0,2024-05-08
384,310,28000.0,2024-05-08
433,348,50000.0,2024-05-08
1097,913,69000.0,2024-05-08
84,71,35000.0,2024-05-08
1556,1395,66000.0,2024-05-09
1023,846,54000.0,2024-05-09
761,624,93000.0,2024-05-09
1510,1343,43000.0,2024-05-09
1348,1163,49000.0,2024-05-10
1095,911,76000.0,2024-05-10
1132,946,74000.0,2024-05-10
1390,1211,71000.0,2024-05-10
792,652,60000.0,2024-05-10
86,72,47000.0,2024-05-10
540,434,22000.0,2024-05-11
49,43,53000.0,2024-05-11
791,651,45000.0,2024-05-11
202,167,22000.0,2024-05-11
567,457,24000.0,2024-05-11
1096,912,70000.0,2024-05-12
1054,878,52000.0,2024-05-12
541,434,48000.0,2024-05-13
1225,1040,25000.0,2024-05-13
203,167,13000.0,2024-05-13
8,7,65000.0,2024-05-13
875,723,41000.0,2024-05-14
1228,1044,57000.0,2024-05-14
1509,1342,95000.0,2024-05-14
1389,1210,99000.0,2024-05-14
1098,914,44000.0,2024-05-15
569,459,48000.0,2024-05-15
612,498,32000.0,2024-05-15
511,413,34000.0,2024-05-15
1442,1270,67000.0,2024-05-15
1226,1041,108000.0,2024-05-15
969,800,19000.0,2024-05-15
611,497,70000.0,2024-05-15
1231,1046,91000.0,2024-05-15
512,413,28000.0,2024-05-16
1055,879,46000.0,2024-05-16
682,554,30000.0,2024-05-16
204,168,25000.0,2024-05-16
970,800,26000.0,2024-05-16
141,119,60000.0,2024-05-16
142,120,68000.0,2024-05-16
1394,1214,69000.0,2024-05-16
9,8,76000.0,2024-05-16
139,117,42000.0,2024-05-16
1057,881,54000.0,2024-05-17
385,311,22000.0,2024-05-17
610,496,20000.0,2024-05-17
237,194,42000.0,2024-05-17
278,227,35000.0,2024-05-18
679,551,83000.0,2024-05-18
464,374,79000.0,2024-05-18
570,460,44000.0,2024-05-19
968,799,76000.0,2024-05-19
1101,917,23000.0,2024-05-19
510,412,45000.0,2024-05-19
140,118,21000.0,2024-05-19
927,763,36000.0,2024-05-20
680,552,44000.0,2024-05-20
1554,1393,102000.0,2024-05-20
1230,1045,34000.0,2024-05-20
509,411,28000.0,2024-05-20
1024,847,51000.0,2024-05-21
1102,917,38000.0,2024-05-21
724,590,60000.0,2024-05-21
143,121,71000.0,2024-05-21
387,312,57000.0,2024-05-21
1058,881,25000.0,2024-05-21
1351,1166,108000.0,2024-05-21
386,311,31000.0,2024-05-22
1349,1164,72000.0,2024-05-22
1168,977,48000.0,2024-05-22
1174,980,40000.0,2024-05-22
1511,1345,53000.0,2024-05-23
683,554,60000.0,2024-05-23
793,652,32000.0,2024-05-23
1504,1339,105000.0,2024-05-23
343,279,72000.0,2024-05-23
1100,916,42000.0,2024-05-23
1099,915,51000.0,2024-05-24
513,414,75000.0,2024-05-24
681,553,56000.0,2024-05-25
1555,1394,95000.0,2024-05-25
50,44,55000.0,2024-05-25
1234,1049,74000.0,2024-05-26
1235,1050,20000.0,2024-05-26
876,724,28000.0,2024-05-27
1450,1277,59000.0,2024-05-28
1056,880,33000.0,2024-05-28
1232,1047,96000.0,2024-05-28
684,555,75000.0,2024-05-28
762,625,68000.0,2024-05-29
1025,848,37000.0,2024-05-29
1399,1219,97000.0,2024-05-29
571,461,34000.0,2024-05-29
388,313,21000.0,2024-05-30
168,142,54000.0,2024-05-30
144,122,25000.0,2024-05-30
878,725,49000.0,2024-05-30
11,10,68000.0,2024-05-31
1559,1400,20000.0,2024-05-31
1449,1276,65000.0,2024-05-31
345,281,56000.0,2024-05-31
1029,853,56000.0,2024-06-01
118,99,50000.0,2024-06-01
303,247,62000.0,2024-06-01
238,195,27000.0,2024-06-01
1135,948,33000.0,2024-06-02
1236,1050,37000.0,2024-06-02
880,726,25000.0,2024-06-02
169,143,48000.0,2024-06-02
1238,1052,92000.0,2024-06-02
10,9,41000.0,2024-06-02
642,520,30000.0,2024-06-03
973,803,52000.0,2024-06-03
145,123,56000.0,2024-06-03
1028,852,88000.0,2024-06-04
344,280,63000.0,2024-06-04
484,391,56000.0,2024-06-04
572,462,27000.0,2024-06-05
1400,1222,81000.0,2024-06-05
1175,981,97000.0,2024-06-06
483,390,37000.0,2024-06-06
170,144,42000.0,2024-06-07
882,727,34000.0,2024-06-07
643,520,18000.0,2024-06-07
1059,882,15000.0,2024-06-07
1136,948,21000.0,2024-06-07
877,724,62000.0,2024-06-07
726,593,16000.0,2024-06-08
346,282,67000.0,2024-06-09
573,463,52000.0,2024-06-09
879,725,22000.0,2024-06-09
685,556,56000.0,2024-06-10
1180,985,83000.0,2024-06-10
304,248,11000.0,2024-06-10
171,144,34000.0,2024-06-10
389,314,56000.0,2024-06-10
1451,1280,74000.0,2024-06-10
972,802,83000.0,2024-06-10
763,626,24000.0,2024-06-11
1027,851,46000.0,2024-06-11
728,594,56000.0,2024-06-11
613,499,45000.0,2024-06-11
1302,1117,36000.0,2024-06-11
881,726,21000.0,2024-06-12
971,801,97000.0,2024-06-12
51,45,51000.0,2024-06-12
1030,854,35000.0,2024-06-12
347,283,22000.0,2024-06-13
884,728,19000.0,2024-06-13
974,803,43000.0,2024-06-13
172,145,43000.0,2024-06-13
644,521,25000.0,2024-06-13
308,251,28000.0,2024-06-14
146,124,73000.0,2024-06-14
173,145,28000.0,2024-06-14
305,248,13000.0,2024-06-14
435,350,18000.0,2024-06-14
436,350,23000.0,2024-06-15
1060,882,19000.0,2024-06-15
514,415,18000.0,2024-06-15
309,251,16000.0,2024-06-15
1560,1400,27000.0,2024-06-15
1512,1345,33000.0,2024-06-15
727,593,17000.0,2024-06-16
515,415,27000.0,2024-06-16
729,595,26000.0,2024-06-16
883,727,55000.0,2024-06-16
348,283,13000.0,2024-06-16
239,196,27000.0,2024-06-16
1181,986,56000.0,2024-06-16
725,592,33000.0,2024-06-16
1177,983,47000.0,2024-06-17
1357,1174,59000.0,2024-06-17
764,626,23000.0,2024-06-17
1062,884,73000.0,2024-06-18
52,46,46000.0,2024-06-18
205,169,74000.0,2024-06-18
434,349,37000.0,2024-06-18
306,249,55000.0,2024-06-18
1240,1054,105000.0,2024-06-18
174,146,50000.0,2024-06-19
931,767,65000.0,2024-06-19
310,252,51000.0,2024-06-19
485,392,66000.0,2024-06-19
1401,1223,71000.0,2024-06-20
307,250,77000.0,2024-06-21
1103,918,36000.0,2024-06-21
1026,850,46000.0,2024-06-22
1179,984,65000.0,2024-06-22
933,768,51000.0,2024-06-22
1358,1174,39000.0,2024-06-23
437,351,15000.0,2024-06-23
12,11,25000.0,2024-06-23
486,393,56000.0,2024-06-24
1354,1172,29000.0,2024-06-24
1453,1282,48000.0,2024-06-24
730,595,21000.0,2024-06-24
645,522,69000.0,2024-06-24
686,558,38000.0,2024-06-25
542,436,33000.0,2024-06-25
935,770,89000.0,2024-06-26
438,351,17000.0,2024-06-26
928,764,37000.0,2024-06-26
932,767,33000.0,2024-06-27
885,728,14000.0,2024-06-27
1237,1051,117000.0,2024-06-27
544,438,25000.0,2024-06-27
646,523,52000.0,2024-06-27
1352,1169,57000.0,2024-06-27
731,596,85000.0,2024-06-27
689,560,50000.0,2024-06-27
87,73,47000.0,2024-06-27
545,438,37000.0,2024-06-28
53,47,29000.0,2024-06-28
13,11,52000.0,2024-06-28
575,465,40000.0,2024-06-28
1514,1347,65000.0,2024-06-28
929,765,45000.0,2024-06-29
1061,883,85000.0,2024-06-29
930,766,95000.0,2024-06-29
54,47,35000.0,2024-06-29
240,197,59000.0,2024-06-30
688,559,66000.0,2024-06-30
465,375,32000.0,2024-06-30
1303,1117,32000.0,2024-06-30
1517,1350,70000.0,2024-06-30
1185,991,71000.0,2024-07-01
487,394,52000.0,2024-07-01
1558,1399,61000.0,2024-07-01
1184,990,97000.0,2024-07-01
1233,1048,49000.0,2024-07-01
574,464,37000.0,2024-07-01
349,284,57000.0,2024-07-01
1139,951,53000.0,2024-07-01
241,198,33000.0,2024-07-02
516,416,40000.0,2024-07-02
1304,1118,68000.0,2024-07-02
120,101,25000.0,2024-07-02
1182,987,55000.0,2024-07-02
1353,1171,111000.0,2024-07-02
517,416,31000.0,2024-07-03
576,466,43000.0,2024-07-03
794,653,38000.0,2024-07-03
1137,949,87000.0,2024-07-04
1516,1349,114000.0,2024-07-05
1305,1119,81000.0,2024-07-05
543,437,39000.0,2024-07-05
390,315,26000.0,2024-07-06
88,74,36000.0,2024-07-06
119,100,26000.0,2024-07-06
1066,888,86000.0,2024-07-06
1176,982,85000.0,2024-07-06
837,691,69000.0,2024-07-06
175,147,16000.0,2024-07-07
1521,1353,115000.0,2024-07-07
1063,885,34000.0,2024-07-07
1402,1225,57000.0,2024-07-07
975,805,15000.0,2024-07-07
838,692,36000.0,2024-07-08
89,74,33000.0,2024-07-08
614,500,63000.0,2024-07-08
176,147,19000.0,2024-07-09
934,769,42000.0,2024-07-09
391,315,39000.0,2024-07-09
732,597,78000.0,2024-07-09
1513,1346,74000.0,2024-07-10
1141,952,55000.0,2024-07-10
687,558,17000.0,2024-07-10
14,12,27000.0,2024-07-10
647,524,55000.0,2024-07-10
1455,1284,21000.0,2024-07-11
546,439,66000.0,2024-07-11
90,75,49000.0,2024-07-11
1243,1060,48000.0,2024-07-11
1140,951,28000.0,2024-07-11
795,654,52000.0,2024-07-11
1108,922,31000.0,2024-07-11
1356,1173,88000.0,2024-07-12
1138,950,46000.0,2024-07-12
1144,955,61000.0,2024-07-12
55,48,10000.0,2024-07-13
1239,1053,64000.0,2024-07-13
1241,1055,72000.0,2024-07-13
177,148,39000.0,2024-07-13
1145,955,36000.0,2024-07-13
1178,983,53000.0,2024-07-13
691,562,23000.0,2024-07-13
1522,1354,70000.0,2024-07-13
1454,1282,49000.0,2024-07-13
488,395,21000.0,2024-07-14
1105,920,84000.0,2024-07-14
796,655,39000.0,2024-07-14
56,48,19000.0,2024-07-14
547,440,68000.0,2024-07-14
577,467,47000.0,2024-07-14
886,729,77000.0,2024-07-14
1355,1172,36000.0,2024-07-14
1452,1281,74000.0,2024-07-15
1104,919,90000.0,2024-07-15
489,395,41000.0,2024-07-15
91,76,41000.0,2024-07-15
147,125,23000.0,2024-07-15
466,376,65000.0,2024-07-15
440,353,68000.0,2024-07-15
843,695,43000.0,2024-07-16
148,125,11000.0,2024-07-16
841,694,14000.0,2024-07-16
1523,1355,40000.0,2024-07-16
765,627,34000.0,2024-07-16
1109,922,39000.0,2024-07-16
1519,1352,41000.0,2024-07-16
839,692,47000.0,2024-07-17
57,49,47000.0,2024-07-17
578,468,44000.0,2024-07-17
937,772,52000.0,2024-07-17
1065,887,37000.0,2024-07-18
206,170,54000.0,2024-07-18
1457,1285,38000.0,2024-07-20
976,805,22000.0,2024-07-20
977,806,52000.0,2024-07-20
491,397,23000.0,2024-07-20
1242,1056,60000.0,2024-07-21
887,730,38000.0,2024-07-21
439,352,39000.0,2024-07-21
940,774,66000.0,2024-07-21
1461,1287,82000.0,2024-07-21
1307,1124,113000.0,2024-07-21
840,693,43000.0,2024-07-21
492,397,39000.0,2024-07-21
844,695,30000.0,2024-07-21
1106,921,24000.0,2024-07-21
350,285,68000.0,2024-07-22
938,773,32000.0,2024-07-22
845,696,34000.0,2024-07-22
1459,1286,57000.0,2024-07-22
1143,954,74000.0,2024-07-22
1064,885,50000.0,2024-07-22
1518,1350,34000.0,2024-07-22
1561,1401,118000.0,2024-07-23
1306,1122,120000.0,2024-07-23
842,694,32000.0,2024-07-24
1244,1060,71000.0,2024-07-24
392,316,38000.0,2024-07-25
1068,890,23000.0,2024-07-25
1360,1176,72000.0,2024-07-25
490,396,38000.0,2024-07-25
692,562,42000.0,2024-07-25
15,13,36000.0,2024-07-25
1515,1348,70000.0,2024-07-26
1142,953,96000.0,2024-07-27
690,561,65000.0,2024-07-27
1403,1225,40000.0,2024-07-27
352,287,36000.0,2024-07-28
279,228,62000.0,2024-07-28
92,77,11000.0,2024-07-28
94,78,21000.0,2024-07-28
353,288,7000.0,2024-07-28
1251,1066,44000.0,2024-07-28
615,501,58000.0,2024-07-28
1563,1403,98000.0,2024-07-28
1405,1228,80000.0,2024-07-28
1363,1178,49000.0,2024-07-29
936,771,63000.0,2024-07-29
802,661,77000.0,2024-07-29
207,171,79000.0,2024-07-29
311,253,52000.0,2024-07-30
1188,996,53000.0,2024-07-30
939,773,48000.0,2024-07-30
354,288,16000.0,2024-07-30
58,50,33000.0,2024-07-30
846,696,19000.0,2024-07-30
1361,1177,35000.0,2024-07-30
797,656,46000.0,2024-07-31
1252,1066,30000.0,2024-07-31
150,127,52000.0,2024-07-31
59,50,20000.0,2024-08-01
149,126,53000.0,2024-08-01
1456,1284,25000.0,2024-08-01
16,14,25000.0,2024-08-01
1409,1232,59000.0,2024-08-01
1183,987,49000.0,2024-08-01
17,15,73000.0,2024-08-02
1067,889,48000.0,2024-08-02
1186,992,78000.0,2024-08-02
93,77,14000.0,2024-08-02
1410,1232,54000.0,2024-08-02
890,733,15000.0,2024-08-03
942,776,44000.0,2024-08-03
798,657,58000.0,2024-08-03
121,102,62000.0,2024-08-03
393,317,68000.0,2024-08-03
694,564,18000.0,2024-08-03
693,563,80000.0,2024-08-03
60,51,66000.0,2024-08-03
493,398,75000.0,2024-08-04
696,565,28000.0,2024-08-04
1069,890,49000.0,2024-08-04
1562,1402,74000.0,2024-08-04
888,731,72000.0,2024-08-05
351,286,23000.0,2024-08-05
1110,923,79000.0,2024-08-05
1070,891,52000.0,2024-08-05
892,734,85000.0,2024-08-05
799,658,56000.0,2024-08-05
1107,921,20000.0,2024-08-05
1524,1355,23000.0,2024-08-05
178,149,33000.0,2024-08-07
801,660,46000.0,2024-08-07
1460,1286,43000.0,2024-08-07
648,525,43000.0,2024-08-07
733,598,54000.0,2024-08-08
1308,1126,53000.0,2024-08-08
467,377,27000.0,2024-08-08
518,417,52000.0,2024-08-08
649,525,33000.0,2024-08-08
95,79,25000.0,2024-08-09
18,16,39000.0,2024-08-09
579,469,61000.0,2024-08-09
280,229,14000.0,2024-08-10
943,777,54000.0,2024-08-10
1146,956,35000.0,2024-08-10
847,697,35000.0,2024-08-10
617,503,14000.0,2024-08-10
800,659,48000.0,2024-08-10
891,733,28000.0,2024-08-10
1564,1406,47000.0,2024-08-10
650,526,19000.0,2024-08-11
1364,1178,47000.0,2024-08-11
312,254,27000.0,2024-08-11
1525,1356,62000.0,2024-08-11
1526,1357,36000.0,2024-08-12
1111,924,39000.0,2024-08-12
1147,956,26000.0,2024-08-12
1031,855,87000.0,2024-08-12
281,229,23000.0,2024-08-12
1249,1065,24000.0,2024-08-12
894,736,13000.0,2024-08-12
19,16,18000.0,2024-08-13
96,79,30000.0,2024-08-13
618,503,32000.0,2024-08-13
1404,1227,101000.0,2024-08-13
61,52,11000.0,2024-08-13
1192,1001,96000.0,2024-08-13
651,526,21000.0,2024-08-14
1309,1129,30000.0,2024-08-14
313,254,32000.0,2024-08-14
468,377,46000.0,2024-08-14
1458,1285,40000.0,2024-08-14
695,564,25000.0,2024-08-15
179,150,16000.0,2024-08-15
1246,1063,43000.0,2024-08-15
616,502,44000.0,2024-08-15
1187,994,118000.0,2024-08-15
1520,1352,76000.0,2024-08-16
697,565,27000.0,2024-08-16
941,775,37000.0,2024-08-16
1191,1000,70000.0,2024-08-16
208,172,56000.0,2024-08-16
180,150,24000.0,2024-08-16
652,527,27000.0,2024-08-17
314,255,54000.0,2024-08-17
944,777,31000.0,2024-08-17
62,52,23000.0,2024-08-18
1411,1233,42000.0,2024-08-18
1311,1130,78000.0,2024-08-18
1359,1175,64000.0,2024-08-19
698,566,64000.0,2024-08-19
122,103,23000.0,2024-08-19
394,318,15000.0,2024-08-19
895,736,26000.0,2024-08-19
1255,1068,43000.0,2024-08-20
889,732,76000.0,2024-08-20
209,173,9000.0,2024-08-20
1033,857,92000.0,2024-08-21
1406,1229,72000.0,2024-08-21
242,199,17000.0,2024-08-21
1032,856,73000.0,2024-08-22
699,568,44000.0,2024-08-22
1362,1177,39000.0,2024-08-22
1413,1234,44000.0,2024-08-22
395,318,13000.0,2024-08-22
946,779,13000.0,2024-08-23
211,174,12000.0,2024-08-23
948,780,18000.0,2024-08-24
1112,924,40000.0,2024-08-24
123,104,58000.0,2024-08-24
767,629,62000.0,2024-08-24
210,173,13000.0,2024-08-24
243,199,13000.0,2024-08-25
1366,1181,33000.0,2024-08-25
151,129,14000.0,2024-08-25
1253,1067,31000.0,2024-08-25
469,378,46000.0,2024-08-25
212,174,9000.0,2024-08-26
1036,860,100000.0,2024-08-26
735,600,52000.0,2024-08-26
548,442,55000.0,2024-08-26
153,130,25000.0,2024-08-26
1367,1181,72000.0,2024-08-27
580,470,47000.0,2024-08-27
1408,1231,82000.0,2024-08-27
316,257,24000.0,2024-08-27
1264,1076,51000.0,2024-08-27
214,176,38000.0,2024-08-27
978,807,74000.0,2024-08-27
979,808,30000.0,2024-08-27
1245,1061,99000.0,2024-08-27
317,257,55000.0,2024-08-28
981,809,41000.0,2024-08-28
549,443,10000.0,2024-08-28
1257,1069,47000.0,2024-08-28
442,355,60000.0,2024-08-29
155,131,49000.0,2024-08-29
1365,1180,105000.0,2024-08-29
154,130,24000.0,2024-08-29
152,129,15000.0,2024-08-29
1189,997,57000.0,2024-08-29
736,601,95000.0,2024-08-30
156,132,18000.0,2024-08-30
1248,1064,40000.0,2024-08-30
63,53,48000.0,2024-08-30
734,599,88000.0,2024-08-30
396,319,49000.0,2024-08-30
215,176,19000.0,2024-08-30
213,175,71000.0,2024-08-31
1149,958,63000.0,2024-08-31
441,354,35000.0,2024-08-31
443,356,39000.0,2024-08-31
315,256,23000.0,2024-08-31
181,151,11000.0,2024-08-31
183,152,31000.0,2024-08-31
550,443,19000.0,2024-09-01
653,528,53000.0,2024-09-01
1407,1230,103000.0,2024-09-01
1463,1289,113000.0,2024-09-01
893,735,66000.0,2024-09-01
1250,1065,21000.0,2024-09-01
184,152,38000.0,2024-09-01
982,810,65000.0,2024-09-01
1037,861,57000.0,2024-09-01
1265,1076,48000.0,2024-09-02
97,80,29000.0,2024-09-02
1310,1129,28000.0,2024-09-02
1412,1233,55000.0,2024-09-02
766,628,78000.0,2024-09-02
1035,859,65000.0,2024-09-02
182,151,22000.0,2024-09-02
1565,1406,31000.0,2024-09-02
157,132,21000.0,2024-09-02
945,778,73000.0,2024-09-02
947,779,19000.0,2024-09-02
700,570,63000.0,2024-09-02
397,320,28000.0,2024-09-02
398,320,16000.0,2024-09-03
620,505,39000.0,2024-09-03
949,780,24000.0,2024-09-03
621,506,75000.0,2024-09-04
1260,1073,118000.0,2024-09-04
619,504,22000.0,2024-09-04
737,602,80000.0,2024-09-04
20,17,57000.0,2024-09-04
470,379,63000.0,2024-09-05
1261,1074,31000.0,2024-09-05
1414,1234,75000.0,2024-09-05
850,699,27000.0,2024-09-06
848,698,24000.0,2024-09-06
1197,1006,23000.0,2024-09-07
1312,1130,34000.0,2024-09-07
216,177,20000.0,2024-09-07
444,357,62000.0,2024-09-08
1256,1068,24000.0,2024-09-08
803,663,47000.0,2024-09-08
701,571,87000.0,2024-09-08
1195,1004,85000.0,2024-09-08
1193,1002,81000.0,2024-09-09
1196,1005,40000.0,2024-09-09
581,471,54000.0,2024-09-09
980,808,38000.0,2024-09-09
1150,958,30000.0,2024-09-09
98,81,39000.0,2024-09-09
1034,858,44000.0,2024-09-09
1148,957,85000.0,2024-09-10
318,258,66000.0,2024-09-10
1527,1357,35000.0,2024-09-10
896,737,34000.0,2024-09-10
1566,1407,53000.0,2024-09-10
21,18,43000.0,2024-09-10
217,177,28000.0,2024-09-11
185,153,35000.0,2024-09-11
1071,892,84000.0,2024-09-11
702,572,96000.0,2024-09-11
445,358,29000.0,2024-09-12
23,20,55000.0,2024-09-13
1568,1409,52000.0,2024-09-14
1531,1361,77000.0,2024-09-14
1259,1072,101000.0,2024-09-14
1151,960,21000.0,2024-09-14
1462,1288,91000.0,2024-09-14
582,472,27000.0,2024-09-15
494,399,47000.0,2024-09-15
1190,999,76000.0,2024-09-15
495,400,26000.0,2024-09-15
851,699,13000.0,2024-09-15
446,358,24000.0,2024-09-15
1569,1409,43000.0,2024-09-15
1529,1360,34000.0,2024-09-16
1247,1063,35000.0,2024-09-16
64,54,34000.0,2024-09-16
100,83,29000.0,2024-09-16
496,400,34000.0,2024-09-16
1152,960,47000.0,2024-09-17
244,200,32000.0,2024-09-17
101,83,15000.0,2024-09-17
950,782,30000.0,2024-09-17
983,811,54000.0,2024-09-18
22,19,36000.0,2024-09-18
24,21,24000.0,2024-09-18
99,82,37000.0,2024-09-18
583,472,51000.0,2024-09-18
654,529,64000.0,2024-09-19
1254,1067,21000.0,2024-09-19
1114,929,90000.0,2024-09-19
1073,894,60000.0,2024-09-19
65,54,35000.0,2024-09-19
952,784,30000.0,2024-09-20
849,698,12000.0,2024-09-20
1468,1296,35000.0,2024-09-20
622,507,30000.0,2024-09-21
219,179,32000.0,2024-09-21
158,133,41000.0,2024-09-22
953,784,57000.0,2024-09-22
220,179,38000.0,2024-09-22
768,630,61000.0,2024-09-22
102,84,25000.0,2024-09-22
519,418,40000.0,2024-09-22
1464,1292,112000.0,2024-09-23
1074,895,56000.0,2024-09-23
1258,1071,43000.0,2024-09-24
520,419,27000.0,2024-09-24
1262,1074,29000.0,2024-09-24
1268,1080,45000.0,2024-09-24
1198,1006,21000.0,2024-09-24
1113,927,42000.0,2024-09-25
103,85,47000.0,2024-09-25
623,507,26000.0,2024-09-25
805,665,87000.0,2024-09-25
1469,1296,27000.0,2024-09-25
159,133,35000.0,2024-09-26
1072,893,83000.0,2024-09-26
1075,896,61000.0,2024-09-26
1272,1083,32000.0,2024-09-26
521,419,42000.0,2024-09-26
1415,1237,66000.0,2024-09-27
1567,1408,113000.0,2024-09-27
1532,1364,65000.0,2024-09-27
1416,1238,32000.0,2024-09-27
186,154,49000.0,2024-09-28
357,291,26000.0,2024-09-28
218,178,26000.0,2024-09-28
282,230,21000.0,2024-09-28
1194,1003,117000.0,2024-09-28
125,106,15000.0,2024-09-29
358,291,25000.0,2024-09-29
124,105,28000.0,2024-09-29
399,321,79000.0,2024-09-29
584,473,33000.0,2024-09-29
769,631,44000.0,2024-09-29
852,700,65000.0,2024-09-29
246,202,51000.0,2024-09-29
1528,1359,75000.0,2024-09-29
497,401,49000.0,2024-09-29
655,530,66000.0,2024-09-30
498,401,29000.0,2024-09-30
1465,1293,58000.0,2024-09-30
585,474,31000.0,2024-09-30
1467,1295,68000.0,2024-09-30
951,783,68000.0,2024-10-01
1418,1240,84000.0,2024-10-01
356,290,36000.0,2024-10-01
703,574,49000.0,2024-10-01
355,289,30000.0,2024-10-01
1076,896,26000.0,2024-10-01
985,813,89000.0,2024-10-01
126,106,31000.0,2024-10-01
66,55,36000.0,2024-10-02
1420,1242,47000.0,2024-10-03
245,201,68000.0,2024-10-03
25,22,67000.0,2024-10-04
804,664,60000.0,2024-10-04
705,576,47000.0,2024-10-04
319,259,46000.0,2024-10-04
1530,1360,75000.0,2024-10-04
853,701,45000.0,2024-10-04
1273,1083,70000.0,2024-10-04
704,575,59000.0,2024-10-05
770,632,60000.0,2024-10-05
1153,961,35000.0,2024-10-05
1082,900,59000.0,2024-10-06
1263,1075,100000.0,2024-10-06
1267,1078,45000.0,2024-10-06
986,814,72000.0,2024-10-06
26,23,52000.0,2024-10-06
1199,1009,87000.0,2024-10-06
586,475,34000.0,2024-10-07
771,633,54000.0,2024-10-07
1083,900,36000.0,2024-10-07
1202,1013,90000.0,2024-10-07
624,508,10000.0,2024-10-08
1314,1133,57000.0,2024-10-08
1269,1080,71000.0,2024-10-08
1154,962,81000.0,2024-10-08
283,231,45000.0,2024-10-08
1270,1081,27000.0,2024-10-09
1421,1242,40000.0,2024-10-09
524,422,31000.0,2024-10-10
523,421,65000.0,2024-10-10
987,815,60000.0,2024-10-10
625,508,12000.0,2024-10-10
1077,897,45000.0,2024-10-10
854,702,13000.0,2024-10-10
400,322,51000.0,2024-10-11
708,578,75000.0,2024-10-11
1200,1011,63000.0,2024-10-11
1266,1077,114000.0,2024-10-11
1201,1012,79000.0,2024-10-11
707,577,67000.0,2024-10-12
1084,901,25000.0,2024-10-12
1080,899,26000.0,2024-10-12
1038,862,71000.0,2024-10-12
898,739,53000.0,2024-10-13
187,155,35000.0,2024-10-13
706,576,28000.0,2024-10-13
320,260,25000.0,2024-10-13
522,420,46000.0,2024-10-13
656,531,76000.0,2024-10-13
1276,1086,55000.0,2024-10-13
1115,930,69000.0,2024-10-15
738,603,37000.0,2024-10-15
247,203,56000.0,2024-10-15
284,232,16000.0,2024-10-16
1086,902,23000.0,2024-10-16
401,323,67000.0,2024-10-16
1419,1241,94000.0,2024-10-16
988,816,34000.0,2024-10-16
1040,865,80000.0,2024-10-16
1078,898,15000.0,2024-10-16
1085,901,50000.0,2024-10-16
104,86,46000.0,2024-10-16
447,359,24000.0,2024-10-17
989,816,53000.0,2024-10-17
1570,1410,80000.0,2024-10-17
285,232,35000.0,2024-10-17
855,702,17000.0,2024-10-17
772,634,73000.0,2024-10-17
709,579,28000.0,2024-10-17
1274,1085,59000.0,2024-10-17
1087,902,13000.0,2024-10-17
897,738,79000.0,2024-10-18
710,579,44000.0,2024-10-18
984,812,93000.0,2024-10-18
1203,1014,98000.0,2024-10-18
1417,1238,45000.0,2024-10-18
587,476,22000.0,2024-10-19
1116,931,67000.0,2024-10-19
657,532,48000.0,2024-10-19
1039,864,51000.0,2024-10-19
1472,1299,26000.0,2024-10-19
1204,1015,109000.0,2024-10-20
899,739,35000.0,2024-10-20
1081,899,53000.0,2024-10-20
402,324,52000.0,2024-10-21
1041,866,68000.0,2024-10-23
954,785,14000.0,2024-10-24
1368,1183,57000.0,2024-10-24
775,636,33000.0,2024-10-25
448,360,21000.0,2024-10-25
806,666,34000.0,2024-10-25
403,324,27000.0,2024-10-25
956,786,38000.0,2024-10-25
1535,1367,72000.0,2024-10-26
856,703,40000.0,2024-10-26
286,233,21000.0,2024-10-27
1117,932,78000.0,2024-10-27
188,156,37000.0,2024-10-27
1315,1133,27000.0,2024-10-27
739,604,13000.0,2024-10-28
449,360,15000.0,2024-10-28
773,635,57000.0,2024-10-28
27,24,41000.0,2024-10-28
359,292,51000.0,2024-10-28
626,509,10000.0,2024-10-28
1043,868,50000.0,2024-10-28
857,704,96000.0,2024-10-28
1466,1293,33000.0,2024-10-29
551,444,36000.0,2024-10-29
1533,1366,35000.0,2024-10-29
189,157,41000.0,2024-10-29
1470,1297,95000.0,2024-10-29
499,402,56000.0,2024-10-30
1317,1135,67000.0,2024-10-30
1279,1088,66000.0,2024-10-30
221,180,46000.0,2024-10-30
287,233,13000.0,2024-10-30
588,477,51000.0,2024-10-30
1277,1086,64000.0,2024-10-30
776,636,46000.0,2024-10-30
1079,898,20000.0,2024-10-30
1474,1300,111000.0,2024-10-30
1473,1299,24000.0,2024-11-01
450,361,31000.0,2024-11-02
161,135,63000.0,2024-11-02
67,56,19000.0,2024-11-02
105,87,58000.0,2024-11-02
28,25,22000.0,2024-11-02
360,293,17000.0,2024-11-03
809,669,71000.0,2024-11-03
807,667,66000.0,2024-11-03
190,157,34000.0,2024-11-03
627,509,18000.0,2024-11-03
1044,868,33000.0,2024-11-04
1271,1081,45000.0,2024-11-04
160,134,31000.0,2024-11-04
191,158,27000.0,2024-11-04
451,361,40000.0,2024-11-04
774,635,31000.0,2024-11-05
1571,1411,84000.0,2024-11-05
500,403,23000.0,2024-11-05
68,56,16000.0,2024-11-05
740,604,20000.0,2024-11-05
1042,867,69000.0,2024-11-05
361,293,38000.0,2024-11-06
1423,1244,45000.0,2024-11-06
955,785,18000.0,2024-11-06
1369,1183,37000.0,2024-11-06
1475,1301,40000.0,2024-11-06
741,605,72000.0,2024-11-06
957,786,33000.0,2024-11-07
501,403,41000.0,2024-11-07
192,158,24000.0,2024-11-08
525,423,47000.0,2024-11-08
1118,933,54000.0,2024-11-08
1208,1019,46000.0,2024-11-09
628,510,46000.0,2024-11-09
901,741,62000.0,2024-11-10
223,182,38000.0,2024-11-10
452,362,46000.0,2024-11-10
958,787,18000.0,2024-11-10
1275,1085,28000.0,2024-11-10
552,445,34000.0,2024-11-10
553,446,48000.0,2024-11-11
991,818,59000.0,2024-11-11
742,606,58000.0,2024-11-11
743,607,25000.0,2024-11-12
808,668,60000.0,2024-11-12
990,817,89000.0,2024-11-12
777,637,61000.0,2024-11-12
29,26,10000.0,2024-11-13
1046,870,74000.0,2024-11-13
404,325,13000.0,2024-11-13
288,234,25000.0,2024-11-13
222,181,42000.0,2024-11-13
1422,1243,69000.0,2024-11-14
291,236,25000.0,2024-11-14
526,423,23000.0,2024-11-15
406,326,19000.0,2024-11-15
405,325,28000.0,2024-11-15
248,204,19000.0,2024-11-15
900,740,59000.0,2024-11-15
711,580,43000.0,2024-11-15
471,380,15000.0,2024-11-15
1478,1303,112000.0,2024-11-15
30,26,17000.0,2024-11-16
193,159,44000.0,2024-11-16
659,534,21000.0,2024-11-16
289,234,50000.0,2024-11-16
290,235,41000.0,2024-11-16
472,380,29000.0,2024-11-17
321,261,76000.0,2024-11-17
1209,1019,22000.0,2024-11-17
1477,1302,95000.0,2024-11-17
658,533,34000.0,2024-11-17
1536,1370,23000.0,2024-11-18
407,326,18000.0,2024-11-18
713,581,23000.0,2024-11-18
224,183,66000.0,2024-11-18
249,204,24000.0,2024-11-18
1313,1132,49000.0,2024-11-19
1316,1134,109000.0,2024-11-19
660,534,25000.0,2024-11-19
1205,1016,95000.0,2024-11-20
959,787,39000.0,2024-11-20
106,88,66000.0,2024-11-21
1320,1139,38000.0,2024-11-21
744,607,47000.0,2024-11-21
1534,1366,31000.0,2024-11-22
778,637,31000.0,2024-11-23
629,511,66000.0,2024-11-24
1471,1298,68000.0,2024-11-24
714,581,28000.0,2024-11-24
1045,869,46000.0,2024-11-24
194,160,10000.0,2024-11-24
858,705,61000.0,2024-11-25
1538,1371,63000.0,2024-11-25
527,424,54000.0,2024-11-25
473,381,75000.0,2024-11-25
162,136,27000.0,2024-11-25
1476,1301,19000.0,2024-11-26
590,479,31000.0,2024-11-26
1278,1087,60000.0,2024-11-26
712,580,37000.0,2024-11-27
589,478,26000.0,2024-11-27
1283,1092,102000.0,2024-11-28
1207,1018,95000.0,2024-11-28
903,743,27000.0,2024-11-28
1322,1140,64000.0,2024-11-28
661,535,25000.0,2024-11-28
195,160,13000.0,2024-11-29
1280,1088,50000.0,2024-11-29
591,480,41000.0,2024-11-29
1318,1137,117000.0,2024-11-29
322,262,75000.0,2024-11-29
859,706,71000.0,2024-11-29
1206,1017,45000.0,2024-11-30
196,161,51000.0,2024-11-30
1424,1246,100000.0,2024-11-30
662,535,50000.0,2024-11-30
1572,1416,109000.0,2024-12-01
1574,1418,93000.0,2024-12-01
904,743,25000.0,2024-12-01
408,327,14000.0,2024-12-01
324,264,22000.0,2024-12-01
69,57,64000.0,2024-12-01
528,425,75000.0,2024-12-02
1119,935,38000.0,2024-12-02
902,742,30000.0,2024-12-02
107,89,71000.0,2024-12-02
323,263,44000.0,2024-12-02
1090,905,40000.0,2024-12-03
1281,1090,76000.0,2024-12-03
747,611,37000.0,2024-12-03
31,27,70000.0,2024-12-03
1284,1093,74000.0,2024-12-04
1371,1188,45000.0,2024-12-04
325,264,22000.0,2024-12-04
474,382,23000.0,2024-12-04
592,481,72000.0,2024-12-04
1321,1139,27000.0,2024-12-04
475,383,46000.0,2024-12-05
409,327,29000.0,2024-12-05
715,582,39000.0,2024-12-05
1425,1247,41000.0,2024-12-05
1573,1417,72000.0,2024-12-05
745,609,75000.0,2024-12-06
630,512,30000.0,2024-12-06
779,638,18000.0,2024-12-07
70,58,62000.0,2024-12-07
810,670,78000.0,2024-12-08
1480,1309,54000.0,2024-12-08
502,404,39000.0,2024-12-08
992,820,43000.0,2024-12-08
362,294,32000.0,2024-12-08
1319,1138,66000.0,2024-12-08
961,789,78000.0,2024-12-09
960,788,85000.0,2024-12-09
1155,963,86000.0,2024-12-09
1482,1310,60000.0,2024-12-09
1323,1140,30000.0,2024-12-09
746,610,60000.0,2024-12-10
32,28,25000.0,2024-12-10
163,137,73000.0,2024-12-10
860,707,56000.0,2024-12-10
529,426,32000.0,2024-12-10
1539,1372,109000.0,2024-12-10
363,294,17000.0,2024-12-10
1370,1186,43000.0,2024-12-11
1091,905,25000.0,2024-12-11
1427,1248,103000.0,2024-12-11
410,328,60000.0,2024-12-11
503,404,21000.0,2024-12-12
748,611,56000.0,2024-12-13
531,427,66000.0,2024-12-13
780,638,17000.0,2024-12-13
530,426,41000.0,2024-12-13
33,29,14000.0,2024-12-13
993,820,56000.0,2024-12-13
1282,1091,83000.0,2024-12-13
663,536,11000.0,2024-12-14
108,90,45000.0,2024-12-14
1426,1247,65000.0,2024-12-15
71,59,35000.0,2024-12-15
127,107,50000.0,2024-12-15
1537,1370,22000.0,2024-12-15
532,428,42000.0,2024-12-16
905,744,20000.0,2024-12-16
197,162,74000.0,2024-12-16
631,513,64000.0,2024-12-17
34,29,29000.0,2024-12-17
632,514,12000.0,2024-12-17
633,514,10000.0,2024-12-18
1324,1142,63000.0,2024-12-18
664,536,13000.0,2024-12-18
128,108,74000.0,2024-12-18
1047,871,69000.0,2024-12-19
1089,904,49000.0,2024-12-19
364,295,35000.0,2024-12-20
1479,1304,57000.0,2024-12-20
164,138,42000.0,2024-12-20
861,709,54000.0,2024-12-22
1088,903,35000.0,2024-12-22
1372,1188,59000.0,2024-12-22
411,329,33000.0,2024-12-23
906,744,14000.0,2024-12-23
994,823,30000.0,2024-12-23
36,31,55000.0,2024-12-24
365,295,43000.0,2024-12-24
1481,1309,59000.0,2024-12-25
326,265,72000.0,2024-12-26
35,30,55000.0,2024-12-26
292,237,18000.0,2024-12-26
72,60,24000.0,2024-12-26
109,91,54000.0,2024-12-27
995,823,69000.0,2024-12-27
225,184,46000.0,2024-12-27
129,109,57000.0,2024-12-28
327,266,40000.0,2024-12-28
907,746,53000.0,2024-12-28
293,237,18000.0,2024-12-29
811,672,72000.0,2024-12-30
665,537,51000.0,2024-12-30
908,748,79000.0,2024-12-31
